backend,embedding,time
MELBOURNE,0,0.8768332004547119
MELBOURNE,1,0.8617868423461914
MELBOURNE,2,0.8262441158294678
MELBOURNE,3,0.8107459545135498
