backend,embedding,time
CAMBRIDGE,0,0.43142008781433105
CAMBRIDGE,1,0.42099809646606445
CAMBRIDGE,2,0.352053165435791
CAMBRIDGE,3,0.43558478355407715
