backend,embedding,time
WASHINGTON,0,0.001960277557373047
WASHINGTON,1,0.001249074935913086
WASHINGTON,2,0.002633810043334961
