backend,embedding,time
WASHINGTON,0,0.0011138916015625
WASHINGTON,1,0.0007443428039550781
WASHINGTON,2,0.0015931129455566406
