backend,embedding,time
CAMBRIDGE,0,0.8943161964416504
CAMBRIDGE,1,0.8721606731414795
CAMBRIDGE,2,0.7331039905548096
CAMBRIDGE,3,0.8932290077209473
