backend,embedding,time
CAMBRIDGE,0,7.797332048416138
CAMBRIDGE,1,7.456366062164307
CAMBRIDGE,2,6.629867076873779
CAMBRIDGE,3,7.6140758991241455
