backend,embedding,time
GUADALUPE,0,0.2937788963317871
GUADALUPE,1,0.2915380001068115
GUADALUPE,2,0.3145890235900879
GUADALUPE,3,0.3142120838165283
