backend,embedding,time
GUADALUPE,0,0.3169112205505371
GUADALUPE,1,0.31545019149780273
GUADALUPE,2,0.3393211364746094
GUADALUPE,3,0.3379518985748291
