backend,embedding,time
BROOKLYN,0,5.446732997894287
MANHATTAN,0,5.444084882736206
