backend,embedding,time
BROOKLYN,0,0.7262988090515137
BROOKLYN,1,0.7251062393188477
MANHATTAN,0,0.7308640480041504
MANHATTAN,1,0.7351129055023193
MANHATTAN,2,0.7308192253112793
MANHATTAN,3,0.7200260162353516
MANHATTAN,4,0.7280161380767822
MANHATTAN,5,0.714141845703125
MANHATTAN,6,0.7242412567138672
MANHATTAN,7,0.7144551277160645
MANHATTAN,8,0.7204380035400391
MANHATTAN,9,0.7217848300933838
