backend,embedding,time
BROOKLYN,0,27.575952529907227
MANHATTAN,0,121.71239924430847
MANHATTAN,1,122.29869747161865
