backend,embedding,time
WASHINGTON,0,0.708960771560669
WASHINGTON,1,0.7009038925170898
WASHINGTON,2,0.7176542282104492
WASHINGTON,3,0.7318158149719238
WASHINGTON,4,0.35321807861328125
WASHINGTON,5,0.33321499824523926
WASHINGTON,6,1.1790580749511719
