backend,embedding,time
ROCHESTER,0,0.4330298900604248
ROCHESTER,1,0.4394340515136719
ROCHESTER,2,0.46099209785461426
ROCHESTER,3,0.45714783668518066
ROCHESTER,4,0.43117618560791016
