backend,embedding,time
MELBOURNE,0,1633.4256641864777
MELBOURNE,1,1559.8526871204376
MELBOURNE,2,1563.003229379654
MELBOURNE,3,1558.4682250022888
MELBOURNE,4,1559.7682774066925
MELBOURNE,5,1559.139431476593
MELBOURNE,6,1543.567111492157
MELBOURNE,7,1529.305341243744
