backend,embedding,time
MELBOURNE,0,10.204020977020264
MELBOURNE,1,10.374550104141235
MELBOURNE,2,10.148396968841553
MELBOURNE,3,10.080513954162598
MELBOURNE,4,10.17394495010376
MELBOURNE,5,10.086901903152466
MELBOURNE,6,10.196130752563477
MELBOURNE,7,10.330466985702515
