backend,embedding,time
MELBOURNE,0,974.004487991333
MELBOURNE,1,980.3824446201324
MELBOURNE,2,976.3241024017334
MELBOURNE,3,984.8102355003357
MELBOURNE,4,977.0767292976379
MELBOURNE,5,990.3033194541931
MELBOURNE,6,973.1645257472992
MELBOURNE,7,963.6941270828247
