backend,embedding,time
CAMBRIDGE,0,0.7484958171844482
CAMBRIDGE,1,0.7377562522888184
CAMBRIDGE,2,0.6226999759674072
CAMBRIDGE,3,0.7494888305664062
