backend,embedding,time
BROOKLYN,0,8.93971872329712
BROOKLYN,1,8.112909078598022
BROOKLYN,2,8.535697937011719
BROOKLYN,3,7.374652862548828
MANHATTAN,0,7.295823812484741
MANHATTAN,1,9.531416893005371
MANHATTAN,2,7.47524094581604
MANHATTAN,3,10.164062976837158
MANHATTAN,4,10.681384086608887
