backend,embedding,time
WASHINGTON,0,0.02611708641052246
WASHINGTON,1,0.04211902618408203
WASHINGTON,2,0.07584118843078613
WASHINGTON,3,0.08217906951904297
