hardware,embedding,horizon,lambda,time
fake_washington,0,4,0.50000200000300000200000050000000000000000000000000000000000000000000000000000000,66
fake_washington,0,5,0.50000250000500000500000250000050000000000000000000000000000000000000000000000000,374
fake_washington,0,6,0.50000300000750001000000750000300000050000000000000000000000000000000000000000000,2116
