backend,embedding,time
WASHINGTON,0,2.843803882598877
WASHINGTON,1,1.520678997039795
WASHINGTON,2,4.542532205581665
