backend,embedding,time
WASHINGTON,0,1.2832121849060059
WASHINGTON,1,0.6623721122741699
WASHINGTON,2,2.092305898666382
