backend,embedding,time
WASHINGTON,0,22.111950874328613
WASHINGTON,1,12.279169082641602
WASHINGTON,2,32.69814586639404
