backend,embedding,time
GUADALUPE,0,0.6353251934051514
GUADALUPE,1,0.6816461086273193
