backend,embedding,time
WASHINGTON,0,0.02816629409790039
WASHINGTON,1,0.03904986381530762
WASHINGTON,2,0.06268501281738281
WASHINGTON,3,0.06747698783874512
