backend,embedding,time
WASHINGTON,0,0.81296706199646
WASHINGTON,1,0.8158299922943115
WASHINGTON,2,0.7983570098876953
WASHINGTON,3,0.8202929496765137
WASHINGTON,4,0.8102531433105469
WASHINGTON,5,0.8046109676361084
WASHINGTON,6,0.16460394859313965
WASHINGTON,7,0.16484999656677246
WASHINGTON,8,0.16289210319519043
WASHINGTON,9,0.16571688652038574
