backend,embedding,time
WASHINGTON,0,26.520359754562378
WASHINGTON,1,234.6531264781952
