backend,embedding,time
BROOKLYN,0,10.80983018875122
BROOKLYN,1,10.718459844589233
BROOKLYN,2,10.969829797744751
BROOKLYN,3,11.018127679824829
BROOKLYN,4,10.691186904907227
BROOKLYN,5,10.723160028457642
MANHATTAN,0,10.614248037338257
MANHATTAN,1,10.56661605834961
MANHATTAN,2,10.777636051177979
MANHATTAN,3,10.692952871322632
MANHATTAN,4,10.405377864837646
MANHATTAN,5,10.432801008224487
MANHATTAN,6,10.82289981842041
