backend,embedding,time
BROOKLYN,0,10.452684879302979
BROOKLYN,1,10.353340864181519
BROOKLYN,2,10.37767505645752
BROOKLYN,3,10.4013671875
BROOKLYN,4,10.419430017471313
BROOKLYN,5,10.394000053405762
MANHATTAN,0,10.192173957824707
MANHATTAN,1,10.286936044692993
MANHATTAN,2,10.468925952911377
MANHATTAN,3,10.382567882537842
MANHATTAN,4,10.100346326828003
MANHATTAN,5,10.166276216506958
MANHATTAN,6,10.434107065200806
