backend,embedding,time
AUCKLAND,0,0.03882098197937012
AUCKLAND,1,0.03748297691345215
AUCKLAND,2,0.031978607177734375
AUCKLAND,3,0.0330507755279541
