backend,embedding,time
ROCHESTER,0,2082.821064710617
ROCHESTER,1,2016.443286895752
ROCHESTER,2,2010.8008079528809
ROCHESTER,3,2007.0460877418518
ROCHESTER,4,2009.4040155410767
