backend,embedding,time
ROCHESTER,0,1301.4675025939941
ROCHESTER,1,1316.6436882019043
ROCHESTER,2,1310.9384679794312
ROCHESTER,3,1313.16575217247
ROCHESTER,4,1312.5050427913666
