backend,embedding,time
ROCHESTER,0,14.809983015060425
ROCHESTER,1,15.752403020858765
ROCHESTER,2,16.153362035751343
ROCHESTER,3,13.976945877075195
ROCHESTER,4,15.448891878128052
