backend,embedding,time
ROCHESTER,0,12.930250883102417
ROCHESTER,1,13.31281590461731
ROCHESTER,2,13.847730875015259
ROCHESTER,3,12.402476072311401
ROCHESTER,4,13.070108890533447
