backend,embedding,time
CAMBRIDGE,0,9.428114175796509
CAMBRIDGE,1,9.219430923461914
CAMBRIDGE,2,7.920664072036743
CAMBRIDGE,3,9.520173788070679
