backend,embedding,time
GUADALUPE,0,7.28874397277832
GUADALUPE,1,7.371131896972656
