backend,embedding,time
GUADALUPE,0,0.767535924911499
GUADALUPE,1,0.8034422397613525
