backend,embedding,time
MELBOURNE,0,10.718782901763916
MELBOURNE,1,10.7028489112854
MELBOURNE,2,10.758585214614868
MELBOURNE,3,10.755959033966064
MELBOURNE,4,10.750868082046509
MELBOURNE,5,10.738727807998657
MELBOURNE,6,10.680169105529785
MELBOURNE,7,10.76874327659607
