backend,embedding,time
MELBOURNE,0,10.358705997467041
MELBOURNE,1,10.314833879470825
MELBOURNE,2,10.340527057647705
MELBOURNE,3,10.39205288887024
MELBOURNE,4,10.501248121261597
MELBOURNE,5,10.352579116821289
MELBOURNE,6,10.369076013565063
MELBOURNE,7,10.362020015716553
