backend,embedding,time
ROCHESTER,0,0.8928990364074707
ROCHESTER,1,0.9555959701538086
ROCHESTER,2,1.0290260314941406
ROCHESTER,3,0.7250521183013916
ROCHESTER,4,0.9016208648681641
