backend,embedding,time
GUADALUPE,0,0.4324817657470703
GUADALUPE,1,0.4346449375152588
GUADALUPE,2,0.43126702308654785
GUADALUPE,3,0.43175601959228516
