backend,embedding,time
ROCHESTER,0,0.0034170150756835938
ROCHESTER,1,0.0072629451751708984
ROCHESTER,2,0.005248069763183594
ROCHESTER,3,0.004133701324462891
ROCHESTER,4,0.004866600036621094
