backend,embedding,time
AUCKLAND,0,0.036804914474487305
AUCKLAND,1,0.0362391471862793
AUCKLAND,2,0.03282523155212402
AUCKLAND,3,0.032984256744384766
