backend,embedding,time
AUCKLAND,0,0.4498429298400879
AUCKLAND,1,0.45676207542419434
AUCKLAND,2,0.43437957763671875
AUCKLAND,3,0.46532678604125977
