backend,embedding,time
AUCKLAND,0,0.03986310958862305
AUCKLAND,1,0.037293195724487305
AUCKLAND,2,0.03394722938537598
AUCKLAND,3,0.03304100036621094
