backend,embedding,time
AUCKLAND,0,0.037230730056762695
AUCKLAND,1,0.038971900939941406
AUCKLAND,2,0.03174781799316406
AUCKLAND,3,0.03284287452697754
