backend,embedding,time
JOHANNESBURG,0,113.01099681854248
ALMADEN,0,108.62856197357178
