backend,embedding,time
BROOKLYN,0,0.0014798641204833984
BROOKLYN,1,0.0013451576232910156
BROOKLYN,2,0.0014209747314453125
BROOKLYN,3,0.0012662410736083984
MANHATTAN,0,0.0012569427490234375
MANHATTAN,1,0.0016391277313232422
MANHATTAN,2,0.0012748241424560547
MANHATTAN,3,0.0017659664154052734
MANHATTAN,4,0.0017850399017333984
