backend,embedding,time
BROOKLYN,0,0.0008628368377685547
BROOKLYN,1,0.0007917881011962891
BROOKLYN,2,0.0008652210235595703
BROOKLYN,3,0.0007448196411132812
MANHATTAN,0,0.000762939453125
MANHATTAN,1,0.0009610652923583984
MANHATTAN,2,0.00075531005859375
MANHATTAN,3,0.0010399818420410156
MANHATTAN,4,0.0010380744934082031
