hardware,embedding,horizon,lambda,time
fake_cambridge,0,3,0.57736482182600000000000000000000000000000000000000000000000000000000000000000000,3
fake_cambridge,1,3,0.79535848779600000000000000000000000000000000000000000000000000000000000000000000,2
fake_cambridge,2,3,0.57824819574800000000000000000000000000000000000000000000000000000000000000000000,3
fake_cambridge,3,3,0.84091603293500000000000000000000000000000000000000000000000000000000000000000000,3
