backend,embedding,time
CAMBRIDGE,0,0.09124302864074707
CAMBRIDGE,1,0.09251117706298828
CAMBRIDGE,2,0.08922410011291504
CAMBRIDGE,3,0.09184002876281738
