backend,embedding,time
CAMBRIDGE,0,7.773652076721191
CAMBRIDGE,1,7.853370189666748
CAMBRIDGE,2,7.5921311378479
CAMBRIDGE,3,7.742774963378906
