backend,embedding,time
CAMBRIDGE,0,17.60899567604065
CAMBRIDGE,1,17.509422779083252
CAMBRIDGE,2,17.312094688415527
CAMBRIDGE,3,17.483737468719482
