backend,embedding,time
BROOKLYN,0,0.8762149810791016
BROOKLYN,1,0.7666571140289307
BROOKLYN,2,0.8252029418945312
BROOKLYN,3,0.6440539360046387
MANHATTAN,0,0.6374070644378662
MANHATTAN,1,1.011056900024414
MANHATTAN,2,0.6680910587310791
MANHATTAN,3,1.140429973602295
MANHATTAN,4,1.2698180675506592
