backend,embedding,time
BROOKLYN,0,1.9651720523834229
BROOKLYN,1,1.7160770893096924
BROOKLYN,2,1.8509938716888428
BROOKLYN,3,1.470790147781372
MANHATTAN,0,1.4435300827026367
MANHATTAN,1,2.2911369800567627
MANHATTAN,2,1.4947659969329834
MANHATTAN,3,2.544921875
MANHATTAN,4,2.6739718914031982
