backend,embedding,time
GUADALUPE,0,12.437222957611084
GUADALUPE,1,12.988202095031738
