backend,embedding,time
CAMBRIDGE,0,1.4275319576263428
CAMBRIDGE,1,1.4220130443572998
CAMBRIDGE,2,1.4605889320373535
