backend,embedding,time
CAMBRIDGE,0,1.4140369892120361
CAMBRIDGE,1,1.476269006729126
CAMBRIDGE,2,1.5140280723571777
