backend,embedding,time
CAMBRIDGE,0,0.7540988922119141
CAMBRIDGE,1,0.7583959102630615
CAMBRIDGE,2,0.7753241062164307
