backend,embedding,time
PERTH,0,31.93332815170288
PERTH,1,31.77311611175537
LAGOS,0,31.16740918159485
LAGOS,1,32.28919196128845
LAGOS,2,31.104902029037476
LAGOS,3,31.249781131744385
NAIROBI,0,31.14791202545166
NAIROBI,1,33.86497116088867
NAIROBI,2,32.30437397956848
CASABLANCA,0,32.15194296836853
CASABLANCA,1,31.090563774108887
CASABLANCA,2,31.322187185287476
OSLO,0,30.740384101867676
OSLO,1,31.69146704673767
JAKARTA,0,31.964390754699707
JAKARTA,1,31.133361101150513
JAKARTA,2,32.13668179512024
