backend,embedding,time
PERTH,0,68.32182502746582
PERTH,1,69.429927110672
LAGOS,0,68.62766718864441
LAGOS,1,68.9286618232727
LAGOS,2,69.16532492637634
LAGOS,3,69.02995753288269
NAIROBI,0,68.90398502349854
NAIROBI,1,69.09352207183838
NAIROBI,2,69.14336442947388
CASABLANCA,0,68.55272459983826
CASABLANCA,1,69.24588918685913
CASABLANCA,2,69.28726482391357
OSLO,0,69.00566148757935
OSLO,1,69.35306906700134
JAKARTA,0,68.63151359558105
JAKARTA,1,69.34455728530884
JAKARTA,2,69.45095324516296
