backend,embedding,time
WASHINGTON,0,0.10719919204711914
WASHINGTON,1,0.15079784393310547
WASHINGTON,2,0.23932099342346191
WASHINGTON,3,0.2592649459838867
