backend,embedding,time
WASHINGTON,0,0.42682623863220215
WASHINGTON,1,0.5056741237640381
WASHINGTON,2,0.6782932281494141
WASHINGTON,3,0.7182149887084961
