backend,embedding,time
WASHINGTON,0,0.22292518615722656
WASHINGTON,1,0.2832179069519043
WASHINGTON,2,0.38715314865112305
WASHINGTON,3,0.4057772159576416
