backend,embedding,time
WASHINGTON,0,0.02683234214782715
WASHINGTON,1,0.042775869369506836
WASHINGTON,2,0.07580113410949707
WASHINGTON,3,0.09234404563903809
