backend,embedding,time
GUADALUPE,0,0.0006837844848632812
GUADALUPE,1,0.0007269382476806641
