backend,embedding,time
GUADALUPE,0,0.000701904296875
GUADALUPE,1,0.0007250308990478516
GUADALUPE,2,0.0007569789886474609
