backend,embedding,time
GUADALUPE,0,0.0011949539184570312
GUADALUPE,1,0.0012798309326171875
