backend,embedding,time
ROCHESTER,0,11.088773012161255
ROCHESTER,1,11.94992184638977
ROCHESTER,2,12.655202865600586
ROCHESTER,3,9.310441970825195
ROCHESTER,4,10.963106870651245
