backend,embedding,time
MELBOURNE,0,0.4266688823699951
MELBOURNE,1,0.4114189147949219
MELBOURNE,2,0.4081740379333496
