backend,embedding,time
MELBOURNE,0,0.960439920425415
MELBOURNE,1,0.9341421127319336
MELBOURNE,2,0.9329302310943604
