backend,embedding,time
MELBOURNE,0,0.9967141151428223
MELBOURNE,1,0.9746239185333252
MELBOURNE,2,0.9513978958129883
