backend,embedding,time
AUCKLAND,0,0.03761100769042969
AUCKLAND,1,0.03738808631896973
AUCKLAND,2,0.03202199935913086
AUCKLAND,3,0.03339886665344238
