backend,embedding,time
AUCKLAND,0,0.26270294189453125
AUCKLAND,1,0.26104092597961426
AUCKLAND,2,0.24113106727600098
AUCKLAND,3,0.24515295028686523
