backend,embedding,time
AUCKLAND,0,0.14120912551879883
AUCKLAND,1,0.13721394538879395
AUCKLAND,2,0.12306880950927734
AUCKLAND,3,0.1273326873779297
