backend,embedding,time
GUADALUPE,0,1.6963932514190674
GUADALUPE,1,1.661139965057373
GUADALUPE,2,1.5106282234191895
