backend,embedding,time
GUADALUPE,0,0.8986549377441406
GUADALUPE,1,1.0652077198028564
GUADALUPE,2,0.7854979038238525
