backend,embedding,time
GUADALUPE,0,1.6644220352172852
GUADALUPE,1,1.6024539470672607
GUADALUPE,2,1.4564471244812012
