backend,embedding,time
CAMBRIDGE,0,0.001444101333618164
CAMBRIDGE,1,0.001383066177368164
CAMBRIDGE,2,0.0012040138244628906
CAMBRIDGE,3,0.0014429092407226562
