backend,embedding,time
CAMBRIDGE,0,0.0008499622344970703
CAMBRIDGE,1,0.0008101463317871094
CAMBRIDGE,2,0.0006930828094482422
CAMBRIDGE,3,0.0008361339569091797
