backend,embedding,time
CAMBRIDGE,0,0.0008530616760253906
CAMBRIDGE,1,0.0007989406585693359
CAMBRIDGE,2,0.0006959438323974609
CAMBRIDGE,3,0.0008540153503417969
