backend,embedding,time
WASHINGTON,0,10.445029735565186
WASHINGTON,1,10.554520845413208
WASHINGTON,2,10.468370914459229
WASHINGTON,3,10.43228793144226
WASHINGTON,4,10.165751695632935
WASHINGTON,5,10.328646183013916
WASHINGTON,6,10.53475308418274
