backend,embedding,time
WASHINGTON,0,10.840105056762695
WASHINGTON,1,10.826148986816406
WASHINGTON,2,10.778281927108765
WASHINGTON,3,10.82435917854309
WASHINGTON,4,10.512203216552734
WASHINGTON,5,10.697154760360718
WASHINGTON,6,10.916194677352905
