backend,embedding,time
GUADALUPE,0,13.81324815750122
GUADALUPE,1,13.86694598197937
GUADALUPE,2,14.296120882034302
GUADALUPE,3,14.28687596321106
