backend,embedding,time
GUADALUPE,0,12.147237777709961
GUADALUPE,1,12.232537031173706
GUADALUPE,2,12.442933797836304
GUADALUPE,3,12.655260801315308
