backend,embedding,time
ROCHESTER,0,1.7555909156799316
ROCHESTER,1,1.8286900520324707
ROCHESTER,2,1.798046350479126
