backend,embedding,time
ROCHESTER,0,1.8564839363098145
ROCHESTER,1,1.9116270542144775
ROCHESTER,2,1.9020628929138184
