backend,embedding,time
ROCHESTER,0,0.9255218505859375
ROCHESTER,1,0.9591560363769531
ROCHESTER,2,0.9612457752227783
