backend,embedding,time
ROCHESTER,0,8.578495979309082
ROCHESTER,1,9.009052038192749
ROCHESTER,2,9.44144606590271
ROCHESTER,3,7.5319929122924805
ROCHESTER,4,8.61240816116333
