backend,embedding,time
CAMBRIDGE,0,9.067386865615845
CAMBRIDGE,1,9.003280878067017
CAMBRIDGE,2,7.7745630741119385
CAMBRIDGE,3,9.322815179824829
