backend,embedding,time
CAMBRIDGE,0,0.7491939067840576
CAMBRIDGE,1,0.6802659034729004
CAMBRIDGE,2,0.5498239994049072
CAMBRIDGE,3,0.7163307666778564
