backend,embedding,time
CAMBRIDGE,0,1.294255018234253
CAMBRIDGE,1,1.1746399402618408
CAMBRIDGE,2,0.954456090927124
CAMBRIDGE,3,1.2324390411376953
