backend,embedding,time
WASHINGTON,0,0.028110027313232422
WASHINGTON,1,0.04788780212402344
WASHINGTON,2,0.0773470401763916
WASHINGTON,3,0.08836126327514648
