backend,embedding,time
WASHINGTON,0,0.026378870010375977
WASHINGTON,1,0.043009042739868164
WASHINGTON,2,0.07537508010864258
WASHINGTON,3,0.08247900009155273
