my_energy,ibm_energy,my_real_energy,ibm_real_energy,my_nit,ibm_nit,minimizer,my_theta,ibm_theta,my_phi,ibm_phi,my_lambda,ibm_lambda
-1.7594074667935582,-1.8426866819052283,-1.7569953486824088,-1.7599526915873744,6,7,SLSQP,-0.0,2.912,2.912,0.0,-0.0,-0.0
-1.7594074667950508,-1.8426866819052283,-1.7597102266838465,-1.7418045216093032,3,7,BFGS,0.0,2.912,2.912,0.0,0.0,-0.0
-1.7594074667950517,-1.8426866819052283,-1.7627483924985536,-1.7518888831967818,2,7,Powell,1.131,2.912,2.912,0.0,-0.0,-0.0
-1.7594074667788613,-1.8426866819052283,-1.7530442856696897,-1.7588211817971184,6,7,CG,0.0,2.912,2.912,0.0,0.0,-0.0
