backend,embedding,time
CAMBRIDGE,0,10.923420906066895
CAMBRIDGE,1,11.07005786895752
CAMBRIDGE,2,10.99123215675354
CAMBRIDGE,3,11.058831930160522
CAMBRIDGE,4,11.008934259414673
