backend,embedding,time
CAMBRIDGE,0,11.217068195343018
CAMBRIDGE,1,11.39975619316101
CAMBRIDGE,2,11.586618900299072
CAMBRIDGE,3,11.49235200881958
CAMBRIDGE,4,11.410475015640259
