backend,embedding,time
ROCHESTER,0,14.424241065979004
ROCHESTER,1,15.325018882751465
ROCHESTER,2,16.048774003982544
ROCHESTER,3,12.746889114379883
ROCHESTER,4,14.591973781585693
