backend,embedding,time
JOHANNESBURG,0,251.01477980613708
JOHANNESBURG,1,27.865574598312378
