backend,embedding,time
ROCHESTER,0,0.5090060234069824
ROCHESTER,1,0.5552659034729004
ROCHESTER,2,0.584334135055542
ROCHESTER,3,0.42242002487182617
ROCHESTER,4,0.509340763092041
