backend,embedding,time
BROOKLYN,0,14.603880882263184
BROOKLYN,1,13.27623987197876
BROOKLYN,2,13.531621932983398
BROOKLYN,3,13.834949731826782
BROOKLYN,4,13.910070896148682
BROOKLYN,5,14.312560796737671
MANHATTAN,0,12.850423574447632
MANHATTAN,1,15.170347929000854
MANHATTAN,2,15.512299060821533
MANHATTAN,3,13.223888874053955
MANHATTAN,4,15.71729826927185
MANHATTAN,5,15.62431001663208
MANHATTAN,6,16.50096893310547
