backend,embedding,time
CAMBRIDGE,0,4.434470891952515
CAMBRIDGE,1,4.33734917640686
CAMBRIDGE,2,4.397329092025757
CAMBRIDGE,3,4.557731866836548
