backend,embedding,time
WASHINGTON,0,15.19244384765625
WASHINGTON,1,15.174345970153809
WASHINGTON,2,15.183320045471191
WASHINGTON,3,15.20319414138794
WASHINGTON,4,12.536985874176025
WASHINGTON,5,12.45786714553833
WASHINGTON,6,18.008507251739502
