backend,embedding,time
WASHINGTON,0,2342.5470769405365
WASHINGTON,1,2258.335928440094
WASHINGTON,2,2265.265043258667
WASHINGTON,3,2258.958801984787
WASHINGTON,4,2187.9791736602783
WASHINGTON,5,2176.401209831238
WASHINGTON,6,2175.7562811374664
