backend,embedding,time
CAMBRIDGE,0,0.4227440357208252
CAMBRIDGE,1,0.3794701099395752
CAMBRIDGE,2,0.30149316787719727
CAMBRIDGE,3,0.39903807640075684
CAMBRIDGE,4,0.40517401695251465
