backend,embedding,time
GUADALUPE,0,18.11271381378174
GUADALUPE,1,18.325495958328247
GUADALUPE,2,18.322052001953125
