backend,embedding,time
BROOKLYN,0,0.47271203994750977
BROOKLYN,1,0.34472012519836426
BROOKLYN,2,0.3701212406158447
BROOKLYN,3,0.4113631248474121
BROOKLYN,4,0.4089527130126953
BROOKLYN,5,0.4400360584259033
MANHATTAN,0,0.3350520133972168
MANHATTAN,1,0.5508968830108643
MANHATTAN,2,0.5641329288482666
MANHATTAN,3,0.34374308586120605
MANHATTAN,4,0.6267566680908203
MANHATTAN,5,0.620434045791626
MANHATTAN,6,0.6552832126617432
