backend,embedding,time
WASHINGTON,0,22.415950775146484
WASHINGTON,1,17.92149591445923
WASHINGTON,2,21.56037187576294
WASHINGTON,3,25.143776893615723
WASHINGTON,4,26.3870050907135
