backend,embedding,time
MELBOURNE,0,0.6205360889434814
MELBOURNE,1,0.6071600914001465
MELBOURNE,2,0.6328301429748535
MELBOURNE,3,0.603161096572876
