backend,embedding,time
WASHINGTON,0,0.6751439571380615
WASHINGTON,1,0.3748648166656494
WASHINGTON,2,1.0256898403167725
