backend,embedding,time
WASHINGTON,0,1.5099761486053467
WASHINGTON,1,0.8152627944946289
WASHINGTON,2,2.442534923553467
