backend,embedding,time
WASHINGTON,0,11.320430994033813
WASHINGTON,1,7.484472990036011
WASHINGTON,2,16.095526933670044
