hardware,embedding,horizon,lambda,time
fake_athens,0,5,0.74107995025212612800000000000000000000000000000000000000000000000000000000000000,259
fake_athens,0,6,0.74145470398622497152800000000000000000000000000000000000000000000000000000000000,1731
