backend,embedding,time
BROOKLYN,0,1.4782469272613525
BROOKLYN,1,1.4797639846801758
BROOKLYN,2,1.8907179832458496
MANHATTAN,0,1.5862939357757568
MANHATTAN,1,1.5593552589416504
MANHATTAN,2,1.7056727409362793
