backend,embedding,time
BROOKLYN,0,1.4608252048492432
BROOKLYN,1,1.492156744003296
BROOKLYN,2,1.8989477157592773
MANHATTAN,0,1.6347332000732422
MANHATTAN,1,1.5745611190795898
MANHATTAN,2,1.6988029479980469
