backend,embedding,time
ROCHESTER,0,0.5058932304382324
ROCHESTER,1,0.54848313331604
ROCHESTER,2,0.606093168258667
ROCHESTER,3,0.39301609992980957
ROCHESTER,4,0.5226333141326904
