backend,embedding,time
WASHINGTON,0,1.1721112728118896
WASHINGTON,1,0.6417500972747803
WASHINGTON,2,1.8010728359222412
