backend,embedding,time
MELBOURNE,0,0.8543689250946045
MELBOURNE,1,0.8416500091552734
MELBOURNE,2,0.8168668746948242
MELBOURNE,3,0.8124828338623047
