backend,embedding,time
MELBOURNE,0,0.9182209968566895
MELBOURNE,1,0.8485231399536133
MELBOURNE,2,0.8609869480133057
MELBOURNE,3,0.8415720462799072
