backend,embedding,time
MELBOURNE,0,0.5609250068664551
MELBOURNE,1,0.5150570869445801
MELBOURNE,2,0.5220727920532227
MELBOURNE,3,0.509058952331543
