hardware,embedding,horizon,lambda,time
fake_tenerife,0,4,0.89209957052861057534750000000000000000000000000000000000000000000000000000000000,38
fake_tenerife,0,5,0.89209960690832885267491550000000000000000000000000000000000000000000000000000000,172
fake_tenerife,1,4,0.75330807313248895228125000000000000000000000000000000000000000000000000000000000,38
fake_tenerife,1,5,0.75330882644056208477020228125000000000000000000000000000000000000000000000000000,172
