backend,embedding,time
TENERIFE,0,19.467519998550415
TENERIFE,1,19.099657773971558
