backend,embedding,time
WASHINGTON,0,18.104910135269165
WASHINGTON,1,17.43508505821228
WASHINGTON,2,17.851222038269043
WASHINGTON,3,17.615644216537476
WASHINGTON,4,13.956172943115234
WASHINGTON,5,13.685267925262451
WASHINGTON,6,23.02542209625244
