backend,embedding,time
MELBOURNE,0,0.32697200775146484
MELBOURNE,1,0.31563901901245117
MELBOURNE,2,0.3121669292449951
MELBOURNE,3,0.4226348400115967
MELBOURNE,4,0.3044111728668213
MELBOURNE,5,0.31064915657043457
MELBOURNE,6,0.32158637046813965
MELBOURNE,7,0.32506489753723145
