backend,embedding,time
ROCHESTER,0,0.0015621185302734375
ROCHESTER,1,0.002273082733154297
ROCHESTER,2,0.0017197132110595703
ROCHESTER,3,0.0014400482177734375
ROCHESTER,4,0.0014851093292236328
