backend,embedding,time
ROCHESTER,0,0.0009200572967529297
ROCHESTER,1,0.0009789466857910156
ROCHESTER,2,0.0010161399841308594
ROCHESTER,3,0.0008261203765869141
ROCHESTER,4,0.0008728504180908203
