backend,embedding,time
WASHINGTON,0,1.834533929824829
WASHINGTON,1,1.7127139568328857
WASHINGTON,2,1.6717748641967773
