backend,embedding,time
WASHINGTON,0,0.9824731349945068
WASHINGTON,1,0.8595378398895264
WASHINGTON,2,0.821864128112793
