backend,embedding,time
WASHINGTON,0,1.751371145248413
WASHINGTON,1,1.6196119785308838
WASHINGTON,2,1.60158371925354
