hardware,embedding,horizon,lambda,time
fake_guadalupe,0,3,0.81027296543850000000000000000000000000000000000000000000000000000000000000000000,3
fake_guadalupe,1,3,0.84494024448000000000000000000000000000000000000000000000000000000000000000000000,2
fake_guadalupe,2,3,0.84571194200000000000000000000000000000000000000000000000000000000000000000000000,3
