backend,embedding,time
GUADALUPE,0,70.15897941589355
GUADALUPE,1,71.007741689682
GUADALUPE,2,71.35722470283508
