backend,embedding,time
GUADALUPE,0,0.1794109344482422
GUADALUPE,1,0.1867678165435791
GUADALUPE,2,0.18760299682617188
