backend,embedding,time
GUADALUPE,0,31.69549322128296
GUADALUPE,1,32.883792877197266
GUADALUPE,2,33.175370931625366
