backend,embedding,time
ROCHESTER,0,11.070771932601929
ROCHESTER,1,11.092803716659546
ROCHESTER,2,11.139709234237671
ROCHESTER,3,11.06765103340149
ROCHESTER,4,11.050130844116211
