backend,embedding,time
ROCHESTER,0,11.62591004371643
ROCHESTER,1,11.419532060623169
ROCHESTER,2,11.473313093185425
ROCHESTER,3,11.361768007278442
ROCHESTER,4,11.432764291763306
