hardware,embedding,horizon,lambda,time
fake_washington,0,3,0.81971037170450000000000000000000000000000000000000000000000000000000000000000000,3
fake_washington,1,3,0.76213502236400000000000000000000000000000000000000000000000000000000000000000000,2
fake_washington,2,3,0.67866873031250000000000000000000000000000000000000000000000000000000000000000000,3
fake_washington,3,3,0.62507596569200000000000000000000000000000000000000000000000000000000000000000000,3
fake_washington,4,3,0.85121193401550000000000000000000000000000000000000000000000000000000000000000000,3
