backend,embedding,time
WASHINGTON,0,79.51354765892029
WASHINGTON,1,70.33516311645508
WASHINGTON,2,71.27579545974731
WASHINGTON,3,85.7722327709198
WASHINGTON,4,88.3794252872467
