backend,embedding,time
WASHINGTON,0,0.26305103302001953
WASHINGTON,1,0.17634201049804688
WASHINGTON,2,0.1830289363861084
WASHINGTON,3,0.32557010650634766
WASHINGTON,4,0.3428678512573242
