backend,embedding,time
WASHINGTON,0,37.20077896118164
WASHINGTON,1,31.69806694984436
WASHINGTON,2,33.89443516731262
WASHINGTON,3,41.356537103652954
WASHINGTON,4,43.473937034606934
