backend,embedding,time
BROOKLYN,0,0.506965160369873
BROOKLYN,1,0.44750308990478516
BROOKLYN,2,0.467670202255249
BROOKLYN,3,0.3861250877380371
MANHATTAN,0,0.36743974685668945
MANHATTAN,1,0.5312502384185791
MANHATTAN,2,0.4071359634399414
MANHATTAN,3,0.5770130157470703
MANHATTAN,4,0.6330249309539795
