,hardware_spec,embedding_index,horizon,hcxh,hcxh2,twoq,twoq2,h-h2,h-q,h-q2,h2-q,h2-q2,q-q2
0,fake_algiers,0,2,0.846302178117,0.8462858818,,0.846301178888,1.6296317000064064e-05,,9.992289999871673e-07,,-1.5297088000076897e-05,
1,fake_algiers,0,3,0.846302178117,0.8462858818,0.8462858818,0.846301652157092,1.6296317000064064e-05,1.6296317000064064e-05,5.259599080709165e-07,0.0,-1.5770357091993148e-05,-1.5770357091993148e-05
2,fake_algiers,0,4,0.846302178117,0.8462858818,0.8462858818,0.8528188671931747,1.6296317000064064e-05,1.6296317000064064e-05,-0.006516689076174642,0.0,-0.006532985393174706,-0.006532985393174706
3,fake_algiers,0,5,0.846302178117,0.8462858818,0.8462858818,0.8528188760998624,1.6296317000064064e-05,1.6296317000064064e-05,-0.006516697982862363,0.0,-0.006532994299862427,-0.006532994299862427
4,fake_algiers,0,6,0.846302178117,0.8462858818,,,1.6296317000064064e-05,,,,,
5,fake_algiers,1,2,0.8470545985,0.8470456622,,0.847053599,8.936299999984243e-06,,9.994999999873855e-07,,-7.936799999996857e-06,
6,fake_algiers,1,3,0.8470545985,0.8470456622,0.8470456622,0.8470537766222,8.936299999984243e-06,8.936299999984243e-06,8.218777999280391e-07,0.0,-8.114422200056204e-06,-8.114422200056204e-06
7,fake_algiers,1,4,0.8474190265386655,0.8474617549246447,0.8470456622,0.8530399722709834,-4.2728385979184935e-05,0.0003733643386655272,-0.005620945732317861,0.00041609272464471214,-0.005578217346338676,-0.0059943100709833885
8,fake_algiers,1,5,0.8474190265386655,0.8510334793151835,0.8470456622,0.8530399753347212,-0.0036144527765179513,0.0003733643386655272,-0.00562094879605568,0.0039878171151834785,-0.002006496019537729,-0.0059943131347212075
9,fake_algiers,1,6,0.8474190265386655,0.8511012478717639,,,-0.0036822213330983677,,,,,
10,fake_algiers,2,2,0.839286886281,0.839282372,,0.839287886282,4.514281000012055e-06,,-1.000001000006634e-06,,-5.514282000018689e-06,
11,fake_algiers,2,3,0.839287886282,0.839282372,0.839292372,0.8392885686642096,5.514282000018689e-06,-4.485717999935801e-06,-6.823822096269083e-07,-9.99999999995449e-06,-6.196664209645597e-06,3.8033357903088927e-06
12,fake_algiers,2,4,0.839287886282,0.839282372,0.839292372,0.8523279529218358,5.514282000018689e-06,-4.485717999935801e-06,-0.013040066639835812,-9.99999999995449e-06,-0.013045580921835831,-0.013035580921835876
13,fake_algiers,2,5,0.839287886282,0.839282372,0.839292372,0.8523279791469305,5.514282000018689e-06,-4.485717999935801e-06,-0.013040092864930464,-9.99999999995449e-06,-0.013045607146930482,-0.013035607146930528
14,fake_algiers,2,6,0.839287886282,0.839282372,,,5.514282000018689e-06,,,,,
15,fake_algiers,3,2,0.84496850779,0.844978353,,0.844967508491,-9.845210000025695e-06,,9.992989999929591e-07,,1.0844509000018654e-05,
16,fake_algiers,3,3,0.84496850779,0.844978353,0.8449883532,0.8449676575864108,-9.845210000025695e-06,-1.9845409999996733e-05,8.5020358919774e-07,-1.0000199999971038e-05,1.0695413589223435e-05,2.0695613589194473e-05
17,fake_algiers,3,4,0.84496850779,0.844978353,0.8449883532,0.8530128125742739,-9.845210000025695e-06,-1.9845409999996733e-05,-0.00804430478427387,-1.0000199999971038e-05,-0.008034459574273844,-0.008024459374273873
18,fake_algiers,3,5,0.84496850779,0.844978353,0.8449883532,0.8530128160514054,-9.845210000025695e-06,-1.9845409999996733e-05,-0.008044308261405453,-1.0000199999971038e-05,-0.008034463051405427,-0.008024462851405456
19,fake_algiers,3,6,0.84496850779,0.8457552991769924,,,-0.000786791386992447,,,,,
20,fake_algiers,4,2,0.849503181241,0.8494891378,,0.849503181241,1.4043440999977896e-05,,0.0,,-1.4043440999977896e-05,
21,fake_algiers,4,3,0.849504182306,0.8494891378,0.8494991376,0.849503181241,1.5044505999983748e-05,5.044706000045807e-06,1.0010650000058519e-06,-9.999799999937942e-06,-1.4043440999977896e-05,-4.043641000039955e-06
22,fake_algiers,4,4,0.849504182306,0.8494891378,0.8494991376,0.8531181681817552,1.5044505999983748e-05,5.044706000045807e-06,-0.0036139858757552323,-9.999799999937942e-06,-0.003629030381755216,-0.003619030581755278
23,fake_algiers,4,5,0.849504182306,0.850006322533951,0.8494991376,0.8531181730970246,-0.0005021402279510312,5.044706000045807e-06,-0.003613990791024646,0.000507184933951077,-0.003111850563073615,-0.003619035497024692
24,fake_algiers,4,6,0.849504182306,0.8500090004680599,,,-0.000504818162059939,,,,,
25,fake_algiers,5,2,0.846839090433,0.8468324144,,0.846840088914,6.676032999974879e-06,,-9.984809999918909e-07,,-7.67451399996677e-06,
26,fake_algiers,5,3,0.846841085876,0.846840882724144,0.84684932064768,0.846840088914,2.0315185600416896e-07,-8.234771679993536e-06,9.969620000660484e-07,-8.437923535997705e-06,7.938101440618794e-07,9.231733680059584e-06
27,fake_algiers,5,4,0.846841085876,0.8468493511329712,0.8468577891408865,0.852344289381467,-8.265256971173862e-06,-1.6703264886452907e-05,-0.005503203505466958,-8.438007915279044e-06,-0.005494938248495784,-0.005486500240580505
28,fake_algiers,5,5,0.846841085876,0.8468578196264825,0.8468831949592457,0.8523442960907501,-1.6733750482500476e-05,-4.2109083245644996e-05,-0.005503210214750087,-2.537533276314452e-05,-0.005486476464267587,-0.005461101131504442
29,fake_algiers,5,6,0.846841085876,0.8468662882046788,,,-2.5202328678752828e-05,,,,,
30,fake_almaden,0,2,0.835961082415,0.835957958,,0.835960085662,3.124415000055336e-06,,9.967530000265512e-07,,-2.127662000028785e-06,
31,fake_almaden,0,3,0.835961082415,0.83596631757958,0.83597631767958,0.8359601810532556,-5.2351645799531e-06,-1.5235264580026886e-05,9.013617443542898e-07,-1.0000100000073786e-05,6.13652632430739e-06,1.6136626324381176e-05
32,fake_almaden,0,4,0.835961082415,0.8359746772427558,0.83597631767958,0.8512722588698167,-1.3594827755758487e-05,-1.5235264580026886e-05,-0.015311176454816722,-1.6404368242683987e-06,-0.015297581627060963,-0.015295941190236695
33,fake_almaden,0,5,0.835961082415,0.8359830369895282,0.8359930372895312,0.8512722632174776,-2.1954574528249005e-05,-3.195487453122592e-05,-0.01531118080247762,-1.0000300002976914e-05,-0.01528922622794937,-0.015279225927946394
34,fake_almaden,0,6,0.835961082415,0.8359913968198981,,,-3.0314404898090785e-05,,,,,
35,fake_almaden,1,2,0.814835809779,0.8148374704,,0.814835809779,-1.6606209999325827e-06,,0.0,,1.6606209999325827e-06,
36,fake_almaden,1,3,0.814835809779,0.814845618774704,0.814845618774704,0.8148366162414565,-9.808995703908252e-06,-9.808995703908252e-06,-8.064624564818601e-07,0.0,9.002533247426392e-06,9.002533247426392e-06
37,fake_almaden,1,4,0.814835809779,0.8148537672308918,0.8148537672308918,0.8466278996641126,-1.7957451891703613e-05,-1.7957451891703613e-05,-0.03179208988511251,0.0,-0.0317741324332208,-0.0317741324332208
38,fake_almaden,1,5,0.814835809779,0.814861915768564,0.814861915768564,0.8466279810984191,-2.61059895639848e-05,-2.61059895639848e-05,-0.03179217131941903,0.0,-0.03176606532985504,-0.03176606532985504
39,fake_almaden,1,6,0.814835809779,0.8148700643877217,,,-3.425460872163999e-05,,,,,
40,fake_almaden,2,2,0.824776891438,0.8247755896,,0.824775892196,1.3018380000673346e-06,,9.992420000326518e-07,,-3.025960000346828e-07,
41,fake_almaden,2,3,0.824776891438,0.824783837355896,0.824793837455896,0.824775892196,-6.945917895961884e-06,-1.6946017895924648e-05,9.992420000326518e-07,-1.0000099999962764e-05,7.945159895994536e-06,1.79452598959573e-05
42,fake_almaden,2,4,0.824776891438,0.8247920851942696,0.824793837455896,0.8497184410804928,-1.5193756269571423e-05,-1.6946017895924648e-05,-0.024941549642492733,-1.7522616263532242e-06,-0.02492635588622316,-0.02492460362459681
43,fake_almaden,2,5,0.824776891438,0.8248003331151215,0.8248103334151246,0.8497184502825214,-2.3441677121427418e-05,-3.3441977124515354e-05,-0.024941558844521317,-1.0000300003087936e-05,-0.02491811716739989,-0.0249081168673968
44,fake_almaden,2,6,0.824776891438,0.8248085811184527,,,-3.168968045264009e-05,,,,,
45,fake_almaden,3,2,0.820811555256,0.8208116349,,0.820811556688,-7.964399995064042e-08,,-1.4319999630529878e-09,,7.821199998758743e-08,
46,fake_almaden,3,3,0.820812553824,0.820819843016349,0.820819828616205,0.82081178602928,-7.289192349047013e-06,-7.274792204969849e-06,7.677947200246393e-07,1.4400144077164612e-08,8.056987069071653e-06,8.042586924994488e-06
47,fake_almaden,3,4,0.8308685839943524,0.8308635283849665,0.820819828616205,0.8483855393266136,5.0556093859066564e-06,0.010048755378147423,-0.017516955332261275,0.010043699768761516,-0.01752201094164718,-0.027565710710408697
48,fake_almaden,3,5,0.8308685839943524,0.8421193213344595,0.8208362450948593,0.8483855590384967,-0.011250737340107175,0.010032338899493065,-0.01751697504414429,0.02128307623960024,-0.006266237704037114,-0.027549313943637355
49,fake_almaden,3,6,0.8308685839943524,0.8427871153360021,,,-0.011918531341649774,,,,,
50,fake_almaden,4,2,0.834899619,0.8348976183,,0.834900616096,2.0007000000044073e-06,,-9.970959999883178e-07,,-2.997795999992725e-06,
51,fake_almaden,4,3,0.834902616096,0.834905967276183,0.834915938275892,0.8349009152248,-3.3511801830199417e-06,-1.3322179891916974e-05,1.7008711999944026e-06,-9.970999708897033e-06,5.052051383014344e-06,1.5023051091911377e-05
52,fake_almaden,4,4,0.834902616096,0.8349143163358558,0.834915938275892,0.85122732025948,-1.170023985574975e-05,-1.3322179891916974e-05,-0.016324704163479975,-1.6219400361672243e-06,-0.016313003923624225,-0.016311381983588058
53,fake_almaden,4,5,0.834902616096,0.846456832978625,0.8349326366781491,0.851227334842009,-0.011554216882624924,-3.0020582149070663e-05,-0.016324718746008937,0.011524196300475853,-0.0047705018633840135,-0.016294698163859866
54,fake_almaden,4,6,0.834902616096,0.8466319471007013,,,-0.011729331004701304,,,,,
55,fake_athens,0,2,0.835954409691,0.8359496286,,0.835955409073,4.781090999994575e-06,,-9.993820000442355e-07,,-5.7804730000388105e-06,
56,fake_athens,0,3,0.83595441031,0.835957988096286,0.835976347592568,0.835955409073,-3.5777862860131293e-06,-2.193728256805194e-05,-9.98763000081837e-07,-1.8359496282038812e-05,2.5790232859312923e-06,2.0938519567970104e-05
57,fake_athens,0,4,0.83595441031,0.835966347676167,0.8359847073560439,0.8518853866613953,-1.1937366167003027e-05,-3.0297046043958886e-05,-0.0159309763513954,-1.835967987695586e-05,-0.015919038985228395,-0.01590067930535144
58,fake_athens,0,5,0.83595441031,0.8405093556757928,0.8360097869808623,0.8518854026644619,-0.004554945365792817,-5.537667086230602e-05,-0.015930992354461937,0.004499568694930511,-0.01137604698866912,-0.01587561568359963
59,fake_athens,0,6,0.83595441031,0.8407192438349562,,,-0.004764833524956269,,,,,
60,fake_athens,1,2,0.835955409692,0.8359496286,,0.835955409073,5.781092000001209e-06,,6.189999623984477e-10,,-5.7804730000388105e-06,
61,fake_athens,1,3,0.835956407836,0.8359496286,0.8359496286,0.835955409073,6.779236000009625e-06,6.779236000009625e-06,9.987629999708147e-07,0.0,-5.7804730000388105e-06,-5.7804730000388105e-06
62,fake_athens,1,4,0.8411959590179279,0.841154925643934,0.8359496286,0.8518853866613953,4.1033373993859534e-05,0.00524633041792788,-0.010689427643467475,0.005205297043934021,-0.010730461017461335,-0.015935758061395355
63,fake_athens,1,5,0.8411959590179279,0.8488485154346675,0.8359496286,0.8518854026644619,-0.007652556416739675,0.00524633041792788,-0.010689443646534014,0.012898886834667556,-0.0030368872297943383,-0.015935774064461894
64,fake_athens,1,6,0.8411959590179279,0.8490522070223995,,,-0.0078562480044716,,,,,
65,fake_athens,2,2,0.84588891788,0.8458834568,,0.845887918635,5.461079999991014e-06,,9.992449999662867e-07,,-4.4618350000247275e-06,
66,fake_athens,2,3,0.84588891788,0.8458834568,0.8458834568,0.845888137603857,5.461079999991014e-06,5.461079999991014e-06,7.802761430308891e-07,0.0,-4.680803856960125e-06,-4.680803856960125e-06
67,fake_athens,2,4,0.84588891788,0.8458834568,0.8458834568,0.852804515505114,5.461079999991014e-06,5.461079999991014e-06,-0.006915597625114067,0.0,-0.006921058705114058,-0.006921058705114058
68,fake_athens,2,5,0.84588891788,0.8475779721602791,0.8458834568,0.852804519883611,-0.0016890542802791009,5.461079999991014e-06,-0.0069156020036109656,0.0016945153602790919,-0.005226547723331865,-0.006921063083610957
69,fake_athens,2,6,0.84588891788,0.8476276599911031,,,-0.001738742111103142,,,,,
70,fake_auckland,0,2,0.845583464967,0.845590237,,0.845582465348,-6.772033000035371e-06,,9.99619000019436e-07,,7.771652000054807e-06,
71,fake_auckland,0,3,0.845583464967,0.845590237,0.845590237,0.8455829877496264,-6.772033000035371e-06,-6.772033000035371e-06,4.772173736178331e-07,0.0,7.249250373653204e-06,7.249250373653204e-06
72,fake_auckland,0,4,0.845583464967,0.845590237,0.845590237,0.8530345681887969,-6.772033000035371e-06,-6.772033000035371e-06,-0.007451103221796873,0.0,-0.007444331188796838,-0.007444331188796838
73,fake_auckland,0,5,0.845583464967,0.845590237,0.845590237,0.8530345794530192,-6.772033000035371e-06,-6.772033000035371e-06,-0.007451114486019206,0.0,-0.00744434245301917,-0.00744434245301917
74,fake_auckland,0,6,0.845583464967,0.845590237,,,-6.772033000035371e-06,,,,,
75,fake_auckland,1,2,0.848985592837,0.8489916486,,0.848985592837,-6.055762999945813e-06,,0.0,,6.055762999945813e-06,
76,fake_auckland,1,3,0.848985592837,0.8489916486,0.8489916486,0.848985592837,-6.055762999945813e-06,-6.055762999945813e-06,0.0,0.0,6.055762999945813e-06,6.055762999945813e-06
77,fake_auckland,1,4,0.848985592837,0.8489916486,0.8489916486,0.8531476516177477,-6.055762999945813e-06,-6.055762999945813e-06,-0.004162058780747713,0.0,-0.004156003017747767,-0.004156003017747767
78,fake_auckland,1,5,0.848985592837,0.8490573745464234,0.8489916486,0.8531476554073127,-7.178170942334638e-05,-6.055762999945813e-06,-0.004162062570312708,6.572594642340057e-05,-0.0040902808608893615,-0.004156006807312762
79,fake_auckland,1,6,0.848985592837,0.8492305951804363,,,-0.0002450023434362736,,,,,
80,fake_auckland,2,2,0.846183214492,0.8461713694,,0.846182214822,1.1845091999918012e-05,,9.996700000014513e-07,,-1.084542199991656e-05,
81,fake_auckland,2,3,0.846183214492,0.8461713694,0.8461813628,0.8461824339774813,1.1845091999918012e-05,1.8516919999544967e-06,7.805145186834395e-07,-9.993399999963515e-06,-1.1064577481234572e-05,-1.0711774812710573e-06
82,fake_auckland,2,4,0.846183214492,0.8461713694,0.8461813628,0.8531047066173877,1.1845091999918012e-05,1.8516919999544967e-06,-0.006921492125387729,-9.993399999963515e-06,-0.006933337217387647,-0.006923343817387684
83,fake_auckland,2,5,0.846183214492,0.8507308990023597,0.8461813628,0.8531047109996164,-0.004547684510359695,1.8516919999544967e-06,-0.00692149650761642,0.00454953620235965,-0.002373811997256725,-0.006923348199616375
84,fake_auckland,2,6,0.846183214492,0.8507580545690089,,,-0.004574840077008924,,,,,
85,fake_auckland,3,2,0.845668341352,0.8456761858,,0.845669340688,-7.844448000060567e-06,,-9.99336000062634e-07,,6.845111999997933e-06,
86,fake_auckland,3,3,0.845670340688,0.845684642561858,0.845693099323716,0.845669340688,-1.430187385809134e-05,-2.275863571599146e-05,9.999999999177334e-07,-8.456761857900119e-06,1.5301873858009074e-05,2.3758635715909193e-05
87,fake_auckland,3,4,0.8457646113137203,0.8457480200421306,0.8457015562547092,0.8528515645668903,1.6591271589705414e-05,6.305505901105235e-05,-0.007086953253169992,4.6463787421346936e-05,-0.007103544524759697,-0.007150008312181044
88,fake_auckland,3,5,0.8457646113137203,0.8494833805009027,0.8457269273859662,0.8528515709273491,-0.0037187691871823914,3.768392775405083e-05,-0.007086959613628818,0.003756453114936442,-0.003368190426446427,-0.007124643541382869
89,fake_auckland,3,6,0.8457646113137203,0.8495300303201195,,,-0.003765419006399262,,,,,
90,fake_auckland,4,2,0.847860201251,0.84785996,,0.84786120125,2.4125100006600064e-07,,-9.99998999939855e-07,,-1.2412500000058557e-06,
91,fake_auckland,4,3,0.84786120125,0.8478684385996,0.8478784386996,0.84786189048065,-7.237349600064391e-06,-1.7237449600027155e-05,-6.892306499972634e-07,-1.0000099999962764e-05,6.548118950067128e-06,1.654821895002989e-05
92,fake_auckland,4,4,0.84786120125,0.847876917283986,0.847903869938796,0.8530406815580094,-1.571603398597965e-05,-4.2668688795988174e-05,-0.00517948030800941,-2.6952654810008525e-05,-0.00516376427402343,-0.005136811619213422
93,fake_auckland,4,5,0.84786120125,0.8492095005202134,0.8479123463800947,0.8530406918189307,-0.0013482992702134045,-5.1145130094742974e-05,-0.005179490568930745,0.0012971541401186615,-0.00383119129871734,-0.005128345438836002
94,fake_auckland,4,6,0.84786120125,0.8492838863479213,,,-0.0014226850979213168,,,,,
95,fake_belem,0,2,0.823979190022,0.8239751862,,0.823979190483,4.0038220000537805e-06,,-4.609999049165481e-10,,-4.004282999958697e-06,
96,fake_belem,0,3,0.823979190022,0.823983425951862,0.824011661703636,0.823979190483,-4.235929861984289e-06,-3.247168163600378e-05,-4.609999049165481e-10,-2.823575177401949e-05,4.235468862079372e-06,3.247122063609886e-05
97,fake_belem,0,4,0.823979190022,0.8239916657861215,0.8240199018202531,0.8496939441682851,-1.2475764121444577e-05,-4.071179825304583e-05,-0.0257147541462851,-2.823603413160125e-05,-0.025702278382163657,-0.025674042348032056
98,fake_belem,0,5,0.823979190022,0.8429537909234718,0.8240446224997088,0.8496939516382339,-0.01897460090147174,-6.543247770873784e-05,-0.025714761616233872,0.018909168423763,-0.006740160714762133,-0.025649329138525134
99,fake_belem,0,6,0.823979190022,0.8433642158097863,,,-0.019385025787786225,,,,,
100,fake_belem,1,2,0.830382788582,0.8303906562,,0.830382788582,-7.86761799997926e-06,,0.0,,7.86761799997926e-06,
101,fake_belem,1,3,0.830382788582,0.830398960106562,0.830408943606396,0.830383331688208,-1.6171524562014206e-05,-2.6155024396068427e-05,-5.431062080063498e-07,-9.983499834054221e-06,1.5628418354007856e-05,2.5611918188062077e-05
102,fake_belem,1,4,0.830382788582,0.8304072640961631,0.8304338423892813,0.8508511752304401,-2.4475514163069256e-05,-5.1053807281320474e-05,-0.020468386648440084,-2.6578293118251217e-05,-0.020443911134277015,-0.020417332841158764
103,fake_belem,1,5,0.830382788582,0.8441433966713037,0.8304421399571748,0.8508512088769559,-0.013760608089303683,-5.935137517476541e-05,-0.02046842029495588,0.013701256714128918,-0.006707812205652197,-0.020409068919781115
104,fake_belem,1,6,0.830382788582,0.8441892667508004,,,-0.013806478168800429,,,,,
105,fake_belem,2,2,0.836181977166,0.836166116,,0.836182975979,1.5861165999941917e-05,,-9.98813000085974e-07,,-1.685997900002789e-05,
106,fake_belem,2,3,0.836181977166,0.83617447766116,0.83619282752208,0.836182975979,7.499504839914017e-06,-1.0850356080061019e-05,-9.98813000085974e-07,-1.8349860919975036e-05,-8.498317839999991e-06,9.851543079975045e-06
107,fake_belem,2,4,0.836181977166,0.8361828394059366,0.8362095549824704,0.8519319561073921,-8.622399366720046e-07,-2.7577816470447658e-05,-0.015749978941392184,-2.6715576533775653e-05,-0.015749116701455512,-0.015722401124921737
108,fake_belem,2,5,0.836181977166,0.8463365241864144,0.836226275569658,0.8519319688349226,-0.010154547020414406,-4.42984036580496e-05,-0.015749991668922658,0.010110248616756357,-0.005595444648508252,-0.01570569326526461
109,fake_belem,2,6,0.836181977166,0.8465092107781058,,,-0.010327233612105857,,,,,
110,fake_belem,3,2,0.838538181212,0.8385457534,,0.838538181212,-7.5721880000712005e-06,,0.0,,7.5721880000712005e-06,
111,fake_belem,3,3,0.838538181212,0.838554138857534,0.838562524315068,0.838538181212,-1.595764553408152e-05,-2.434310306798082e-05,0.0,-8.385457533899299e-06,1.595764553408152e-05,2.434310306798082e-05
112,fake_belem,3,4,0.838538181212,0.8385625243989225,0.8385709099403111,0.8521982470606626,-2.434318692257076e-05,-3.272872831117102e-05,-0.01366006584866264,-8.38554138860026e-06,-0.013635722661740068,-0.013627337120351468
113,fake_belem,3,5,0.838538181212,0.8444132489896249,0.8385960671514656,0.8521982547897912,-0.0058750677776249205,-5.788593946565168e-05,-0.013660073577791199,0.005817181838159269,-0.007785005800166278,-0.013602187638325547
114,fake_belem,3,6,0.838538181212,0.8447182866839373,,,-0.006180105471937369,,,,,
115,fake_boeblingen,0,2,0.83036174565,0.8303642635,,0.83036174565,-2.5178500000500037e-06,,0.0,,2.5178500000500037e-06,
116,fake_boeblingen,0,3,0.83036174565,0.8303642635,0.8303742636,0.8303625520389672,-2.5178500000500037e-06,-1.2517950000012767e-05,-8.063889672671465e-07,-1.0000099999962764e-05,1.7114610327828572e-06,1.1711561032745621e-05
117,fake_boeblingen,0,4,0.83036174565,0.8303642635,0.8303742636,0.850457853146345,-2.5178500000500037e-06,-1.2517950000012767e-05,-0.02009610749634505,-1.0000099999962764e-05,-0.020093589646345,-0.020083589546345038
118,fake_boeblingen,0,5,0.83036174565,0.8303642635,0.8303742636,0.8504579021974377,-2.5178500000500037e-06,-1.2517950000012767e-05,-0.020096156547437682,-1.0000099999962764e-05,-0.020093638697437632,-0.02008363859743767
119,fake_boeblingen,0,6,0.83036174565,0.833754194247206,,,-0.0033924485972059992,,,,,
120,fake_boeblingen,1,2,0.806871695264,0.8068640895,,0.806871695264,7.605764000051529e-06,,0.0,,-7.605764000051529e-06,
121,fake_boeblingen,1,3,0.806871695264,0.806872158140895,0.806872158140895,0.806872333560944,-4.628768949244133e-07,-4.628768949244133e-07,-6.382969439666653e-07,0.0,-1.7542004904225195e-07,-1.7542004904225195e-07
122,fake_boeblingen,1,4,0.8274542740455587,0.8274694489501574,0.8068802268624764,0.8433702720730155,-1.5174904598680428e-05,0.02057404718308231,-0.0159159980274568,0.02058922208768099,-0.01590082312285812,-0.03649004521053911
123,fake_boeblingen,1,5,0.8274542740455587,0.8378282188516968,0.8068882956647451,0.8433703479891816,-0.010373944806138069,0.020565978380813643,-0.015916073943622933,0.030939923186951712,-0.005542129137484864,-0.036482052324436576
124,fake_boeblingen,1,6,0.8274542740455587,0.8389295732887259,,,-0.011475299243167147,,,,,
125,fake_boeblingen,2,2,0.840018270773,0.8400236937,,0.840018270773,-5.422927000009459e-06,,0.0,,5.422927000009459e-06,
126,fake_boeblingen,2,3,0.840018270773,0.8400236937,0.8400336658,0.840018270773,-5.422927000009459e-06,-1.5395027000097983e-05,0.0,-9.972100000088524e-06,5.422927000009459e-06,1.5395027000097983e-05
127,fake_boeblingen,2,4,0.840018270773,0.8400236937,0.8400336658,0.8519069904716462,-5.422927000009459e-06,-1.5395027000097983e-05,-0.011888719698646244,-9.972100000088524e-06,-0.011883296771646235,-0.011873324671646146
128,fake_boeblingen,2,5,0.840018270773,0.8400236937,0.8400336658,0.8519069989587799,-5.422927000009459e-06,-1.5395027000097983e-05,-0.011888728185779907,-9.972100000088524e-06,-0.011883305258779897,-0.011873333158779809
129,fake_boeblingen,2,6,0.840018270773,0.8409685371214868,,,-0.0009502663484868279,,,,,
130,fake_boeblingen,3,2,0.825922567737,0.8259170875,,0.82592356649,5.48023699997735e-06,,-9.987529999699873e-07,,-6.478989999947338e-06,
131,fake_boeblingen,3,3,0.82592356649,0.8259170875,0.8259270874,0.825923908063526,6.478989999947338e-06,-3.520909999998878e-06,-3.415735260192676e-07,-9.999899999946216e-06,-6.820563525966605e-06,3.1793364739796104e-06
132,fake_boeblingen,3,4,0.8367234775581918,0.8367476494118508,0.8259270874,0.8500537852526464,-2.4171853658994102e-05,0.010796390158191782,-0.013330307694454646,0.010820562011850776,-0.013306135840795652,-0.024126697852646428
133,fake_boeblingen,3,5,0.8367234775581918,0.8489781487937845,0.8259270874,0.8500538105412132,-0.012254671235592762,0.010796390158191782,-0.013330332983021442,0.023051061393784544,-0.00107566174742868,-0.024126723141213224
134,fake_boeblingen,3,6,0.8367234775581918,0.84951214619778,,,-0.012788668639588274,,,,,
135,fake_boeblingen,4,2,0.82592356649,0.8259170875,,0.82592356649,6.478989999947338e-06,,0.0,,-6.478989999947338e-06,
136,fake_boeblingen,4,3,0.825923567738,0.8259170875,0.825927075,0.825923908063526,6.480237999983984e-06,-3.5072619999354515e-06,-3.40325525982621e-07,-9.987499999919436e-06,-6.820563525966605e-06,3.1669364739528305e-06
137,fake_boeblingen,4,4,0.825923567738,0.8259170875,0.825927075,0.8500537852526464,6.480237999983984e-06,-3.5072619999354515e-06,-0.02413021751464639,-9.987499999919436e-06,-0.024136697752646374,-0.024126710252646455
138,fake_boeblingen,4,5,0.825923567738,0.8342077788283356,0.825927075,0.8500538105412132,-0.008284211090335614,-3.5072619999354515e-06,-0.024130242803213187,0.008280703828335678,-0.015846031712877573,-0.02412673554121325
139,fake_boeblingen,4,6,0.825923567738,0.8352186255607358,,,-0.009295057822735764,,,,,
140,fake_bogota,0,2,0.829286864497,0.829263387,,0.829286864049,2.3477496999935177e-05,,4.4799997045430473e-10,,-2.3477048999964722e-05,
141,fake_bogota,0,3,0.829286864497,0.829263387,0.8292733824,0.829286864049,2.3477496999935177e-05,1.3482096999917204e-05,4.4799997045430473e-10,-9.995400000017973e-06,-2.3477048999964722e-05,-1.348164899994675e-05
142,fake_bogota,0,4,0.829286864497,0.829263387,0.8292733824,0.8508548140696245,2.3477496999935177e-05,1.3482096999917204e-05,-0.021567949572624534,-9.995400000017973e-06,-0.02159142706962447,-0.02158143166962445
143,fake_bogota,0,5,0.829286864497,0.829263387,0.8292733824,0.8508548433029345,2.3477496999935177e-05,1.3482096999917204e-05,-0.02156797880593453,-9.995400000017973e-06,-0.021591456302934464,-0.021581460902934446
144,fake_bogota,0,6,0.829286864497,0.829263387,,,2.3477496999935177e-05,,,,,
145,fake_bogota,1,2,0.826577603296,0.8265596478,,0.82657660427,1.7955496000032767e-05,,9.990260000369844e-07,,-1.6956469999995782e-05,
146,fake_bogota,1,3,0.826577603296,0.8265596478,0.8265596478,0.8265767079688988,1.7955496000032767e-05,1.7955496000032767e-05,8.953271012357433e-07,0.0,-1.7060168898797023e-05,-1.7060168898797023e-05
147,fake_bogota,1,4,0.826577603296,0.8265596478,0.8265596478,0.850272263807091,1.7955496000032767e-05,1.7955496000032767e-05,-0.023694660511090926,0.0,-0.02371261600709096,-0.02371261600709096
148,fake_bogota,1,5,0.826577603296,0.8432798404049562,0.8265596478,0.8502722713312155,-0.01670223710895613,1.7955496000032767e-05,-0.02369466803521547,0.016720192604956163,-0.006992430926259341,-0.023712623531215504
149,fake_bogota,1,6,0.826577603296,0.8439828196198852,,,-0.017405216323885142,,,,,
150,fake_bogota,2,2,0.829286864049,0.829263387,,0.829286864049,2.3477048999964722e-05,,0.0,,-2.3477048999964722e-05,
151,fake_bogota,2,3,0.829286864049,0.829263387,0.829263387,0.829286864049,2.3477048999964722e-05,2.3477048999964722e-05,0.0,0.0,-2.3477048999964722e-05,-2.3477048999964722e-05
152,fake_bogota,2,4,0.8302578587327961,0.8302928039091477,0.829263387,0.8508548140696245,-3.494517635160843e-05,0.0009944717327960984,-0.02059695533682837,0.0010294169091477068,-0.020562010160476762,-0.02159142706962447
153,fake_bogota,2,5,0.8302578587327961,0.8474542111105081,0.829263387,0.8508548433029345,-0.017196352377712,0.0009944717327960984,-0.020596984570138366,0.018190824110508097,-0.003400632192426367,-0.021591456302934464
154,fake_bogota,2,6,0.8302578587327961,0.8477458990599276,,,-0.01748804032713147,,,,,
155,fake_bogota,3,2,0.83037382784,0.8303764362,,0.8303748266,-2.608359999989318e-06,,-9.987599999261576e-07,,1.6096000000631605e-06,
156,fake_bogota,3,3,0.83037382784,0.8303764362,0.830386436,0.8303748266,-2.608359999989318e-06,-1.260815999992726e-05,-9.987599999261576e-07,-9.999799999937942e-06,1.6096000000631605e-06,1.1609400000001102e-05
157,fake_bogota,3,4,0.83037382784,0.8303764362,0.830386436,0.8509650615709841,-2.608359999989318e-06,-1.260815999992726e-05,-0.020591233730984038,-9.999799999937942e-06,-0.02058862537098405,-0.02057862557098411
158,fake_bogota,3,5,0.83037382784,0.8423889352014969,0.830386436,0.8509650868814419,-0.012015107361496913,-1.260815999992726e-05,-0.02059125904144188,0.012002499201496986,-0.008576151679944966,-0.02057865088144195
159,fake_bogota,3,6,0.83037382784,0.8426067991561242,,,-0.01223297131612422,,,,,
160,fake_brooklyn,0,2,0.828704773903,0.8287006922,,0.8287057721,4.081703000036185e-06,,-9.981969999461882e-07,,-5.0798999999823735e-06,
161,fake_brooklyn,0,3,0.828707772098,0.828708979206922,0.82874212723461,0.8287059673473332,-1.2071089220411224e-06,-3.4355136610098036e-05,1.8047506668006363e-06,-3.3148027688056914e-05,3.0118595888417588e-06,3.615988727689867e-05
162,fake_brooklyn,0,4,0.828707772098,0.828717266296714,0.8287736832381757,0.8504817783292673,-9.494198714099511e-06,-6.591114017573396e-05,-0.02177400623126735,-5.641694146163445e-05,-0.02176451203255325,-0.021708095091091617
163,fake_brooklyn,0,5,0.828707772098,0.828725553469377,0.8288250035191888,0.8504817912638213,-1.7781371377090238e-05,-0.00011723142118880148,-0.021774019165821334,-9.945004981171124e-05,-0.021756237794444244,-0.021656787744632533
164,fake_brooklyn,0,6,0.828707772098,0.8287338407249117,,,-2.606862691179046e-05,,,,,
165,fake_brooklyn,1,2,0.84168967808,0.841682432,,0.84168967808,7.246079999911892e-06,,0.0,,-7.246079999911892e-06,
166,fake_brooklyn,1,3,0.84168967808,0.841682432,0.841692416,0.841689949642624,7.246079999911892e-06,-2.7379200000510195e-06,-2.7156262405458875e-07,-9.983999999962911e-06,-7.517642623966481e-06,2.466357375996431e-06
167,fake_brooklyn,1,4,0.84168967808,0.841682432,0.841692416,0.852449074226007,7.246079999911892e-06,-2.7379200000510195e-06,-0.010759396146007072,-9.983999999962911e-06,-0.010766642226006984,-0.010756658226007021
168,fake_brooklyn,1,5,0.84168967808,0.8484273012132579,0.841692416,0.852449082776971,-0.006737623133257986,-2.7379200000510195e-06,-0.010759404696971009,0.006734885213257935,-0.004021781563713023,-0.010756666776970958
169,fake_brooklyn,1,6,0.84168967808,0.8485294824549733,,,-0.006839804374973335,,,,,
170,fake_brooklyn,2,2,0.843391540287,0.8433943278,,0.843391540875,-2.787512999979924e-06,,-5.879999820379567e-10,,2.7869249999978862e-06,
171,fake_brooklyn,2,3,0.8433925397,0.843402761743278,0.8434464982164,0.843391540875,-1.0222043277940962e-05,-5.3958516399998935e-05,9.98825000042558e-07,-4.373647312205797e-05,1.122086827798352e-05,5.495734140004149e-05
172,fake_brooklyn,2,4,0.8433925397,0.8434111957708954,0.8434687819030334,0.8527382800972916,-1.865607089535093e-05,-7.624220303337204e-05,-0.009345740397291524,-5.758613213802111e-05,-0.009327084326396173,-0.009269498194258152
173,fake_brooklyn,2,5,0.8433925397,0.8434196298828531,0.8435308449748379,0.8527382809509676,-2.7090182853073408e-05,-0.0001383052748378244,-0.009345741250967543,-0.00011121509198475099,-0.00931865106811447,-0.009207435976129719
174,fake_brooklyn,2,6,0.8433925397,0.8434280640791519,,,-3.5524379151885555e-05,,,,,
175,fake_brooklyn,3,2,0.83473738036,0.8347247594,,0.83473738036,1.2620959999987136e-05,,0.0,,-1.2620959999987136e-05,
176,fake_brooklyn,3,3,0.83473738036,0.8347247594,0.8347347592,0.834737679343,1.2620959999987136e-05,2.621160000049194e-06,-2.989830000243998e-07,-9.999799999937942e-06,-1.2919943000011536e-05,-2.920143000073594e-06
177,fake_brooklyn,3,4,0.83473738036,0.8347247594,0.8347347592,0.85105612663555,1.2620959999987136e-05,2.621160000049194e-06,-0.016318746275549967,-9.999799999937942e-06,-0.016331367235549954,-0.016321367435550016
178,fake_brooklyn,3,5,0.83473738036,0.8347247594,0.8347347592,0.8510561412109713,1.2620959999987136e-05,2.621160000049194e-06,-0.01631876085097128,-9.999799999937942e-06,-0.01633138181097127,-0.01632138201097133
179,fake_brooklyn,3,6,0.83473738036,0.8347247594,,,1.2620959999987136e-05,,,,,
180,fake_brooklyn,4,2,0.843368057693,0.8433725208,,0.843369057175,-4.463106999974542e-06,,-9.994819999414872e-07,,3.463625000033055e-06,
181,fake_brooklyn,4,3,0.843368058212,0.843380954525208,0.843399383250312,0.843369057175,-1.2896313207999555e-05,-3.1325038312046694e-05,-9.989629999873628e-07,-1.842872510404714e-05,1.1897350208012192e-05,3.032607531205933e-05
182,fake_brooklyn,4,4,0.843368058212,0.8433893883347533,0.8434078172441445,0.8527812459886173,-2.13301227532936e-05,-3.975903214448184e-05,-0.00941318777661726,-1.8428909391188242e-05,-0.009391857653863966,-0.009373428744472778
183,fake_brooklyn,4,5,0.843368058212,0.8496122569519641,0.8434331195630018,0.8527812565784556,-0.006244198739964069,-6.506135100181609e-05,-0.0094131983664556,0.0061791373889622525,-0.003168999626491531,-0.009348137015453784
184,fake_brooklyn,4,6,0.843368058212,0.8496601206914752,,,-0.0062920624794752245,,,,,
185,fake_brooklyn,5,2,0.840188154194,0.8401758488,,0.840188154194,1.2305393999989533e-05,,0.0,,-1.2305393999989533e-05,
186,fake_brooklyn,5,3,0.840188154194,0.8401758488,0.8401858488,0.840188154194,1.2305393999989533e-05,2.3053939999240214e-06,0.0,-1.0000000000065512e-05,-1.2305393999989533e-05,-2.3053939999240214e-06
187,fake_brooklyn,5,4,0.8411400568003211,0.841113702090072,0.8401858488,0.8524759804472881,2.6354710249143487e-05,0.0009542080003210884,-0.011335923646967005,0.000927853290071945,-0.011362278357216149,-0.012290131647288094
188,fake_brooklyn,5,5,0.8411400568003211,0.8494348672406312,0.8401858488,0.8524759939864702,-0.008294810440310108,0.0009542080003210884,-0.011335937186149114,0.009249018440631196,-0.0030411267458390068,-0.012290145186470203
189,fake_brooklyn,5,6,0.8411400568003211,0.8495368008475497,,,-0.008396744047228566,,,,,
190,fake_burlington,0,2,0.818502175429,0.8184883775,,0.818502175429,1.379792899991461e-05,,0.0,,-1.379792899991461e-05,
191,fake_burlington,0,3,0.818502175429,0.818496562383775,0.818506562383774,0.818502175429,5.613045224950319e-06,-4.38695477400497e-06,0.0,-9.999999998955289e-06,-5.613045224950319e-06,4.38695477400497e-06
192,fake_burlington,0,4,0.8313425579459677,0.8313283617565946,0.818506562383774,0.8478978996275862,1.4196189373039125e-05,0.012835995562193725,-0.01655534168161854,0.012821799372820686,-0.01656953787099158,-0.029391337243812266
193,fake_burlington,0,5,0.8313425579459677,0.8463631364836012,0.8185229325968724,0.8478979291382174,-0.0150205785376335,0.01281962534909531,-0.0165553711922497,0.02784020388672881,-0.0015347926546162016,-0.02937499654134501
194,fake_burlington,0,6,0.8313425579459677,0.8471707099266786,,,-0.01582815198071097,,,,,
195,fake_burlington,1,2,0.818502176613,0.8184883775,,0.818502175429,1.3799112999923757e-05,,1.1840000091467573e-09,,-1.379792899991461e-05,
196,fake_burlington,1,3,0.818502176613,0.818496562383775,0.8184883775,0.818502175429,5.614229224959466e-06,1.3799112999923757e-05,1.1840000091467573e-09,8.184883774964291e-06,-5.613045224950319e-06,-1.379792899991461e-05
197,fake_burlington,1,4,0.8225644826918841,0.8225523495167039,0.8185047473493988,0.8478978996275862,1.2133175180228939e-05,0.004059735342485271,-0.025333416935702124,0.004047602167305042,-0.025345550110882353,-0.029393152278187396
198,fake_burlington,1,5,0.8225644826918841,0.8387372880844993,0.8185047473493988,0.8478979291382174,-0.01617280539261523,0.004059735342485271,-0.025333446446333285,0.0202325407351005,-0.009160641053718055,-0.029393181788818556
199,fake_burlington,1,6,0.8225644826918841,0.8395159940758314,,,-0.01695151138394735,,,,,
200,fake_burlington,2,2,0.818501177798,0.8184883775,,0.818502175429,1.2800297999993049e-05,,-9.976309999215616e-07,,-1.379792899991461e-05,
201,fake_burlington,2,3,0.81850517069,0.818496562383775,0.8184883775,0.818502175429,8.608306224955342e-06,1.6793189999919633e-05,2.995261000005023e-06,8.184883774964291e-06,-5.613045224950319e-06,-1.379792899991461e-05
202,fake_burlington,2,4,0.8201897347635919,0.8201642057260986,0.8185047473493988,0.8478978996275862,2.552903749331037e-05,0.0016849874141930954,-0.0277081648639943,0.001659458376699785,-0.02773369390148761,-0.029393152278187396
203,fake_burlington,2,5,0.8201897347635919,0.8392945625353033,0.8185047473493988,0.8478979291382174,-0.019104827771711408,0.0016849874141930954,-0.02770819437462546,0.020789815185904503,-0.008603366602914053,-0.029393181788818556
204,fake_burlington,2,6,0.8201897347635919,0.8400019574217158,,,-0.01981222265812388,,,,,
205,fake_burlington,3,2,0.822425910516,0.822426144,,0.822425910516,-2.3348400002287661e-07,,0.0,,2.3348400002287661e-07,
206,fake_burlington,3,3,0.82242790605,0.82243436826144,0.822444345961216,0.822426265721052,-6.462211439961507e-06,-1.643991121591526e-05,1.640328948004921e-06,-9.977699775953752e-06,8.102540387966428e-06,1.808024016392018e-05
207,fake_burlington,3,4,0.8259662612805205,0.825987164788346,0.822444345961216,0.8489626041593399,-2.0903507825464906e-05,0.0035219153193045694,-0.022996342878819354,0.0035428188271300343,-0.02297543937099389,-0.026518258198123923
208,fake_burlington,3,5,0.8259662612805205,0.8456996165713516,0.8224607949303797,0.848962633393426,-0.01973335529083109,0.003505466350140818,-0.022996372112905505,0.023238821640971907,-0.003263016822074416,-0.026501838463046323
209,fake_burlington,3,6,0.8259662612805205,0.8461906003358707,,,-0.02022433905535015,,,,,
210,fake_cairo,0,2,0.847392096915,0.8474009866,,0.847392096915,-8.889685000013081e-06,,0.0,,8.889685000013081e-06,
211,fake_cairo,0,3,0.847392096915,0.847409460609866,0.84742792621956,0.847392096915,-1.7363694866046053e-05,-3.582930456003108e-05,0.0,-1.846560969398503e-05,1.7363694866046053e-05,3.582930456003108e-05
212,fake_cairo,0,4,0.847392096915,0.8474179347044721,0.8474364004988222,0.8531099712957978,-2.5837789472182848e-05,-4.430358382223609e-05,-0.005717874380797849,-1.8465794350053244e-05,-0.0056920365913256665,-0.005673570796975613
213,fake_cairo,0,5,0.847392096915,0.8509385692504362,0.84746182367558,0.8531099793538569,-0.003546472335436257,-6.972676058003557e-05,-0.005717882438856958,0.0034767455748562215,-0.002171410103420701,-0.005648155678276923
214,fake_cairo,0,6,0.847392096915,0.8509925420740806,,,-0.0036004451590806452,,,,,
215,fake_cairo,1,2,0.843294812575,0.8433069002,,0.843294812575,-1.2087624999934654e-05,,0.0,,1.2087624999934654e-05,
216,fake_cairo,1,3,0.843294812575,0.843315333269002,0.843333753937752,0.843294812575,-2.0520694001935347e-05,-3.8941362751954145e-05,0.0,-1.8420668750018798e-05,2.0520694001935347e-05,3.8941362751954145e-05
217,fake_cairo,1,4,0.843294812575,0.8433237664223346,0.8433421872752914,0.8527049662453899,-2.895384733458961e-05,-4.7374700291369365e-05,-0.009410153670389887,-1.8420852956779754e-05,-0.009381199823055297,-0.009362778970098518
218,fake_cairo,1,5,0.843294812575,0.843332199659999,0.843367487625243,0.8527049768329386,-3.738708499889665e-05,-7.267505024299847e-05,-0.009410164257938503,-3.5287965244101827e-05,-0.009372777172939606,-0.009337489207695504
219,fake_cairo,1,6,0.843294812575,0.8433406329819955,,,-4.582040699541157e-05,,,,,
220,fake_cairo,2,2,0.766063134896,0.7660749374,,0.766064134592,-1.1802504000013592e-05,,-9.996959999813981e-07,,1.0802808000032194e-05,
221,fake_cairo,2,3,0.7660641352,0.7660749374,0.766077270350688,0.766064296493504,-1.0802199999937478e-05,-1.3135150687904051e-05,-1.6129350399740616e-07,-2.332950687966573e-06,1.0640906495940072e-05,1.2973857183906645e-05
222,fake_cairo,2,4,0.7660641352,0.7660749374,0.766077270350688,0.8236659843440663,-1.0802199999937478e-05,-1.3135150687904051e-05,-0.0576018491440663,-2.332950687966573e-06,-0.05759104694406636,-0.05758871399337839
223,fake_cairo,2,5,0.7660641352,0.8034691526970227,0.766077270350688,0.8236660193950134,-0.03740501749702263,-1.3135150687904051e-05,-0.05760188419501333,0.037391882346334726,-0.0201968666979907,-0.05758874904432543
224,fake_cairo,2,6,0.7660641352,0.805683330162086,,,-0.03961919496208599,,,,,
225,fake_cairo,3,2,0.741087929957,0.741059717,,0.741088915919,2.821295700006221e-05,,-9.859619999330604e-07,,-2.919891899999527e-05,
226,fake_cairo,3,3,0.74108991592,0.74106712759717,0.741084257788728,0.741088915919,2.2788322829980778e-05,5.658131271957245e-06,1.000001000006634e-06,-1.7130191558023533e-05,-2.1788321829974144e-05,-4.658130271950611e-06
227,fake_cairo,3,4,0.74108991592,0.7410745382684459,0.7410990763641112,0.8022959252015137,1.5377651554016047e-05,-9.160444111255828e-06,-0.06120600928151376,-2.4538095665271875e-05,-0.06122138693306778,-0.06119684883740251
228,fake_cairo,3,5,0.74108991592,0.7410819490138286,0.7411139014554733,0.8022959517518747,7.966906171330557e-06,-2.3985535473336483e-05,-0.06120603583187478,-3.195244164466704e-05,-0.061214002738046114,-0.06118205029640145
229,fake_cairo,3,6,0.74108991592,0.7410893598333188,,,5.560866811471499e-07,,,,,
230,fake_cairo,4,2,0.844846539525,0.8448416125,,0.844846543,4.927024999989982e-06,,-3.474999954455882e-09,,-4.930499999944438e-06,
231,fake_cairo,4,3,0.844846539525,0.8448416125,0.844843164083874,0.84484727666534,4.927024999989982e-06,3.3754411259412365e-06,-7.371403399902832e-07,-1.5515838740487453e-06,-5.664165339980265e-06,-4.11258146593152e-06
232,fake_cairo,4,4,0.844846539525,0.8448416125,0.844843164083874,0.8509309145413979,4.927024999989982e-06,3.3754411259412365e-06,-0.006084375016397914,-1.5515838740487453e-06,-0.006089302041397904,-0.006087750457523855
233,fake_cairo,4,5,0.844846539525,0.8448416125,0.844843164083874,0.8509309274844137,4.927024999989982e-06,3.3754411259412365e-06,-0.006084387959413684,-1.5515838740487453e-06,-0.006089314984413674,-0.006087763400539625
234,fake_cairo,4,6,0.844846539525,0.8448416125,,,4.927024999989982e-06,,,,,
235,fake_cairo,5,2,0.741087929957,0.741059717,,0.741088915919,2.821295700006221e-05,,-9.859619999330604e-07,,-2.919891899999527e-05,
236,fake_cairo,5,3,0.741089887842,0.741059717,0.7410697164,0.741088915919,3.0170842000076803e-05,2.0171442000060935e-05,9.719230000815315e-07,-9.999400000015868e-06,-2.919891899999527e-05,-1.9199518999979404e-05
237,fake_cairo,5,4,0.741089887842,0.741059717,0.7410845031307234,0.8022959252015137,3.0170842000076803e-05,5.384711276645859e-06,-0.06120603735951369,-2.4786130723430944e-05,-0.061236208201513764,-0.06121142207079033
238,fake_cairo,5,5,0.741089887842,0.741059717,0.7410845031307234,0.8022959517518747,3.0170842000076803e-05,5.384711276645859e-06,-0.06120606390987471,-2.4786130723430944e-05,-0.061236234751874785,-0.061211448621151354
239,fake_cairo,5,6,0.741089887842,0.741059717,,,3.0170842000076803e-05,,,,,
240,fake_cairo,6,2,0.847487873128,0.8474894898,,0.847487873128,-1.61667200004878e-06,,0.0,,1.61667200004878e-06,
241,fake_cairo,6,3,0.847487873128,0.847497964694898,0.847506439589796,0.847487873128,-1.0091566898018378e-05,-1.8566461795987976e-05,0.0,-8.474894897969598e-06,1.0091566898018378e-05,1.8566461795987976e-05
242,fake_cairo,6,4,0.847487873128,0.847506439674545,0.8475149146541919,0.8530023536475356,-1.8566546544973583e-05,-2.704152619192879e-05,-0.005514480519535625,-8.474979646955205e-06,-0.005495913972990651,-0.005487438993343696
243,fake_cairo,6,5,0.847487873128,0.8475149147389417,0.8475403401863821,0.8530023603693495,-2.7041610941691552e-05,-5.246705838213295e-05,-0.005514487241349508,-2.5425447440441395e-05,-0.005487445630407817,-0.005462020182967375
244,fake_cairo,6,6,0.847487873128,0.8475233898880891,,,-3.551676008906046e-05,,,,,
245,fake_cairo,7,2,0.847982301977,0.847988365,,0.84798130275,-6.0630229999913965e-06,,9.992269999203884e-07,,7.062249999911785e-06,
246,fake_cairo,7,3,0.847982301977,0.84799684488365,0.848006837183572,0.84798199221663,-1.45429066500391e-05,-2.4535206571973944e-05,3.0976037002083956e-07,-9.992299921934844e-06,1.485266702005994e-05,2.4844966941994784e-05
247,fake_cairo,7,4,0.847982301977,0.8480053248520988,0.8480322714798461,0.8531625564175707,-2.3022875098810403e-05,-4.996950284608115e-05,-0.005180254440570686,-2.6946627747270746e-05,-0.005157231565471876,-0.005130284937724605
248,fake_cairo,7,5,0.847982301977,0.8480138049053474,0.8480407488083771,0.8531625666820051,-3.1502928347415526e-05,-5.844683137712359e-05,-0.0051802647050051,-2.694390302970806e-05,-0.005148761776657684,-0.005121817873627976
249,fake_cairo,7,6,0.847982301977,0.8480222850433964,,,-3.998306639640958e-05,,,,,
250,fake_cairo,8,2,0.841417506995,0.8414111866,,0.841417507886,6.32039499992576e-06,,-8.910000515172101e-10,,-6.3212859999772775e-06,
251,fake_cairo,8,3,0.841420504322,0.841419600711866,0.841429583011688,0.8414176797791396,9.036101340509362e-07,-9.07868968802461e-06,2.8245428603801415e-06,-9.982299822075547e-06,1.9209327263292053e-06,1.1903232548404752e-05
252,fake_cairo,8,4,0.841420504322,0.8414280149078731,0.8414548219911592,0.8523664681008828,-7.510585873116149e-06,-3.431766915917844e-05,-0.010945963778882795,-2.6807083286062294e-05,-0.010938453193009678,-0.010911646109723616
253,fake_cairo,8,5,0.841420504322,0.8414364291880222,0.8414632345444562,0.8523664736132585,-1.592486602219889e-05,-4.273022245615543e-05,-0.010945969291258462,-2.680535643395654e-05,-0.010930044425236263,-0.010903239068802306
254,fake_cairo,8,6,0.841420504322,0.8414448435523141,,,-2.433923031408547e-05,,,,,
255,fake_cairo,9,2,0.847981302363,0.847988365,,0.84798130275,-7.062637000010419e-06,,-3.8700009863390505e-10,,7.062249999911785e-06,
256,fake_cairo,9,3,0.847981303524,0.847988365,0.847988365,0.84798199221663,-7.061475999936562e-06,-7.061475999936562e-06,-6.886926299243257e-07,0.0,6.372783370012236e-06,6.372783370012236e-06
257,fake_cairo,9,4,0.847981303524,0.847988365,0.847988365,0.8531625564175707,-7.061475999936562e-06,-7.061475999936562e-06,-0.0051812528935706315,0.0,-0.005174191417570695,-0.005174191417570695
258,fake_cairo,9,5,0.847981303524,0.847988365,0.847988365,0.8531625666820051,-7.061475999936562e-06,-7.061475999936562e-06,-0.005181263158005045,0.0,-0.0051742016820051084,-0.0051742016820051084
259,fake_cairo,9,6,0.847981303524,0.847988365,,,-7.061475999936562e-06,,,,,
260,fake_cairo,10,2,0.847392640389,0.8473948942,,0.84739363997,-2.253811000052508e-06,,-9.99580999971883e-07,,1.254230000080625e-06,
261,fake_cairo,10,3,0.847392641646,0.847403368148942,0.847411846097964,0.84739363997,-1.0726502941982297e-05,-1.9204451964016656e-05,-9.983239999122873e-07,-8.477949022034359e-06,9.72817894207001e-06,1.8206127964104368e-05
262,fake_cairo,10,4,0.847392641646,0.8474118421826234,0.847420320216425,0.8531115315188593,-1.920053662340937e-05,-2.767857042496047e-05,-0.00571888987285929,-8.4780338015511e-06,-0.00569968933623588,-0.005691211302434329
263,fake_cairo,10,5,0.847392641646,0.8474203163010453,0.8474457429107727,0.8531115395769425,-2.7674655045273333e-05,-5.3101264772648094e-05,-0.00571889793094249,-2.542660972737476e-05,-0.005691223275897217,-0.005665796666169842
264,fake_cairo,10,6,0.847392641646,0.8474287905042083,,,-3.614885820824032e-05,,,,,
265,fake_cairo,11,2,0.847980303136,0.847988365,,0.84798130275,-8.061863999930807e-06,,-9.996140000190223e-07,,7.062249999911785e-06,
266,fake_cairo,11,3,0.847983301978,0.847988365,0.847989877216428,0.84798199221663,-5.0630219999847625e-06,-6.575238428063734e-06,1.3097613700274735e-06,-1.5122164280789718e-06,6.372783370012236e-06,7.884999798091208e-06
267,fake_cairo,11,4,0.847983301978,0.847988365,0.847989877216428,0.8531625564175707,-5.0630219999847625e-06,-6.575238428063734e-06,-0.00517925443957068,-1.5122164280789718e-06,-0.005174191417570695,-0.005172679201142616
268,fake_cairo,11,5,0.847983301978,0.8496269560835323,0.847989877216428,0.8531625666820051,-0.001643654105532355,-6.575238428063734e-06,-0.005179264704005093,0.0016370788671042913,-0.003535610598472738,-0.0051726894655770295
269,fake_cairo,11,6,0.847983301978,0.8496520279487518,,,-0.0016687259707518498,,,,,
270,fake_cambridge,0,2,0.821712750663,0.8216995325,,0.821712750663,1.3218162999928396e-05,,0.0,,-1.3218162999928396e-05,
271,fake_cambridge,0,3,0.821713748406,0.821707749495325,0.8217177270951,0.821712750663,5.998910674986924e-06,-3.978689100070376e-06,9.977429999974419e-07,-9.9775997750573e-06,-5.001167674989482e-06,4.976432100067818e-06
272,fake_cambridge,0,4,0.821713748406,0.82171596657282,0.8217177270951,0.8487771805134249,-2.2181668200005333e-06,-3.978689100070376e-06,-0.0270634321074249,-1.7605222800698428e-06,-0.0270612139406049,-0.02705945341832483
273,fake_cambridge,0,5,0.821713748406,0.8217241837324857,0.8217341615318137,0.8487772083808818,-1.0435326485702667e-05,-2.0413125813689703e-05,-0.0270634599748818,-9.977799327987036e-06,-0.027053024648396096,-0.02704304684906811
274,fake_cambridge,0,6,0.821713748406,0.821732400974323,,,-1.8652568323007657e-05,,,,,
275,fake_cambridge,1,2,0.838828570724,0.8388262148,,0.838828570724,2.355923999997067e-06,,0.0,,-2.355923999997067e-06,
276,fake_cambridge,1,3,0.838829569008,0.838834603062148,0.8388262148,0.838828570724,-5.03405414797875e-06,3.354208000017067e-06,9.9828400002e-07,8.388262147995817e-06,6.03233814799875e-06,-2.355923999997067e-06
277,fake_cambridge,1,4,0.838829569008,0.8388429914081786,0.8388429914081786,0.8521105309023008,-1.3422400178653149e-05,-1.3422400178653149e-05,-0.013280961894300836,0.0,-0.013267539494122182,-0.013267539494122182
278,fake_cambridge,1,5,0.838829569008,0.8392248138071736,0.8388429914081786,0.8521105332502648,-0.000395244799173633,-1.3422400178653149e-05,-0.01328096424226477,0.00038182239899497983,-0.012885719443091137,-0.013267541842086117
279,fake_cambridge,1,6,0.838829569008,0.8393012245027752,,,-0.00047165549477523605,,,,,
280,fake_cambridge,2,2,0.74675969829,0.746749546,,0.746758706895,1.01522900000095e-05,,9.913949999829086e-07,,-9.160895000026592e-06,
281,fake_cambridge,2,3,0.74675969829,0.74675701349546,0.746749546,0.74675901621024,2.684794540019908e-06,1.01522900000095e-05,6.820797600060047e-07,7.467495459989593e-06,-2.0027147800139034e-06,-9.470210240003496e-06
282,fake_cambridge,2,4,0.806066007935063,0.806041643785548,0.746764481065595,0.8089897141155038,2.4364149515010425e-05,0.05930152686946799,-0.0029237061804407993,0.05927716271995298,-0.0029480703299558098,-0.06222523304990879
283,fake_cambridge,2,5,0.806066007935063,0.8134959784588277,0.746764481065595,0.8089897921223328,-0.007429970523764706,0.05930152686946799,-0.0029237841872697956,0.0667314973932327,0.004506186336494911,-0.062225311056737787
284,fake_cambridge,2,6,0.806066007935063,0.8162783527072365,,,-0.010212344772173476,,,,,
285,fake_cambridge,3,2,0.833573668928,0.8335587075,,0.833572671584,1.4961427999948818e-05,,9.973440000532463e-07,,-1.3964083999895571e-05,
286,fake_cambridge,3,3,0.833573668928,0.8335587075,0.8335687074,0.833572809217472,1.4961427999948818e-05,4.961528000002602e-06,8.59710527989499e-07,-9.999899999946216e-06,-1.4101717471959319e-05,-4.101817472013103e-06
287,fake_cambridge,3,4,0.833573668928,0.8335587075,0.8335687074,0.8510993845278385,1.4961427999948818e-05,4.961528000002602e-06,-0.01752571559983851,-9.999899999946216e-06,-0.01754067702783846,-0.017530677127838512
288,fake_cambridge,3,5,0.833573668928,0.8335587075,0.8335687074,0.8510993917593764,1.4961427999948818e-05,4.961528000002602e-06,-0.017525722831376433,-9.999899999946216e-06,-0.017540684259376382,-0.017530684359376436
289,fake_cambridge,3,6,0.833573668928,0.8335587075,,,1.4961427999948818e-05,,,,,
290,fake_cambridge,4,2,0.748056482102,0.748043774,,0.748055485501,1.2708102000047461e-05,,9.966010000583836e-07,,-1.1711500999989077e-05,
291,fake_cambridge,4,3,0.748056482102,0.748043774,0.7480462594626,0.748055796440512,1.2708102000047461e-05,1.0222639400092604e-05,6.856614880312861e-07,-2.4854625999548574e-06,-1.2022440512016175e-05,-9.536977912061317e-06
292,fake_cambridge,4,4,0.831971719023973,0.83196120940852,0.74805373142924,0.8106132793439802,1.0509615453013765e-05,0.08391798759473301,0.021358439679992847,0.08390747797928,0.021347930064539833,-0.06255954791474017
293,fake_cambridge,4,5,0.831971719023973,0.8415025797641521,0.7626360185263777,0.8106133577604376,-0.009530860740179059,0.0693357004975953,0.021358361263535408,0.07886656123777436,0.030889222003714467,-0.04797733923405989
294,fake_cambridge,4,6,0.831971719023973,0.8449725246509899,,,-0.013000805627016887,,,,,
295,fake_cambridge,5,2,0.748056482102,0.748043774,,0.748055485501,1.2708102000047461e-05,,9.966010000583836e-07,,-1.1711500999989077e-05,
296,fake_cambridge,5,3,0.748056482102,0.748043774,0.74805374,0.748055796440512,1.2708102000047461e-05,2.742102000019564e-06,6.856614880312861e-07,-9.966000000027897e-06,-1.2022440512016175e-05,-2.056440511988278e-06
297,fake_cambridge,5,4,0.748056482102,0.748043774,0.74805374,0.8106132793439802,1.2708102000047461e-05,2.742102000019564e-06,-0.06255679724198016,-9.966000000027897e-06,-0.0625695053439802,-0.06255953934398018
298,fake_cambridge,5,5,0.748056482102,0.748043774,0.74805374,0.8106133577604376,1.2708102000047461e-05,2.742102000019564e-06,-0.0625568756584376,-9.966000000027897e-06,-0.06256958376043764,-0.06255961776043761
299,fake_cambridge,5,6,0.748056482102,0.748043774,,,1.2708102000047461e-05,,,,,
300,fake_casablanca,0,2,0.839146328982,0.8391577254,,0.839146329685,-1.1396417999964825e-05,,-7.029999915530993e-10,,1.1395714999973272e-05,
301,fake_casablanca,0,3,0.839149326876,0.8391577254,0.8391777114,0.839146341468421,-8.398524000030605e-06,-2.8384524000002465e-05,2.985407578925958e-06,-1.998599999997186e-05,1.1383931578956563e-05,3.136993157892842e-05
302,fake_casablanca,0,4,0.839149326876,0.8391577254,0.8391777114,0.8522454489479251,-8.398524000030605e-06,-2.8384524000002465e-05,-0.01309612207192512,-1.998599999997186e-05,-0.01308772354792509,-0.013067737547925118
303,fake_casablanca,0,5,0.839149326876,0.8439505447792268,0.8391777114,0.8522454494030458,-0.004801217903226851,-2.8384524000002465e-05,-0.01309612252704584,0.0047728333792268485,-0.008294904623818988,-0.013067738003045837
304,fake_casablanca,0,6,0.839149326876,0.8440957754235768,,,-0.004946448547576865,,,,,
305,fake_casablanca,1,2,0.841919576456,0.8419298328,,0.841919576456,-1.0256343999981432e-05,,0.0,,1.0256343999981432e-05,
306,fake_casablanca,1,3,0.841921572114,0.8419298328,0.8419298328,0.8419201120906072,-8.260686000016726e-06,-8.260686000016726e-06,1.4600233927408723e-06,0.0,9.720709392757598e-06,9.720709392757598e-06
307,fake_casablanca,1,4,0.841921572114,0.8419298328,0.8419298328,0.8522890709147873,-8.260686000016726e-06,-8.260686000016726e-06,-0.010367498800787356,0.0,-0.01035923811478734,-0.01035923811478734
308,fake_casablanca,1,5,0.841921572114,0.8460503634950718,0.8419298328,0.8522890871582711,-0.004128791381071806,-8.260686000016726e-06,-0.010367515044271136,0.004120530695071789,-0.00623872366319933,-0.01035925435827112
309,fake_casablanca,1,6,0.841921572114,0.8460740098350422,,,-0.004152437721042235,,,,,
310,fake_casablanca,2,2,0.842166249033,0.8421537896,,0.842166248511,1.2459432999989417e-05,,5.219999987815527e-10,,-1.2458910999990636e-05,
311,fake_casablanca,2,3,0.842166249033,0.8421537896,0.8421637896,0.842166248511,1.2459432999989417e-05,2.459432999923905e-06,5.219999987815527e-10,-1.0000000000065512e-05,-1.2458910999990636e-05,-2.4589109999251235e-06
312,fake_casablanca,2,4,0.842166249033,0.8421537896,0.8421637896,0.8526744282417327,1.2459432999989417e-05,2.459432999923905e-06,-0.010508179208732704,-1.0000000000065512e-05,-0.010520638641732694,-0.010510638641732628
313,fake_casablanca,2,5,0.842166249033,0.8491729400769558,0.8421637896,0.8526744413364885,-0.007006691043955793,2.459432999923905e-06,-0.01050819230348854,0.007009150476955717,-0.0035015012595327466,-0.010510651736488463
314,fake_casablanca,2,6,0.842166249033,0.8491967578009201,,,-0.007030508767920107,,,,,
315,fake_casablanca,3,2,0.829890740798,0.8298818984,,0.829890740798,8.842397999919704e-06,,0.0,,-8.842397999919704e-06,
316,fake_casablanca,3,3,0.8298927408,0.8298818984,0.8298818984,0.8298910194812008,1.0842399999932972e-05,1.0842399999932972e-05,1.721318799163818e-06,0.0,-9.121081200769154e-06,-9.121081200769154e-06
317,fake_casablanca,3,4,0.8366693546711925,0.836639289861,0.8298818984,0.8506986748766094,3.0064810192520497e-05,0.006787456271192482,-0.014029320205416917,0.006757391460999962,-0.014059385015609438,-0.0208167764766094
318,fake_casablanca,3,5,0.8366693546711925,0.8477856592522744,0.8298818984,0.8506986924544074,-0.011116304581081926,0.006787456271192482,-0.014029337783214912,0.01790376085227441,-0.0029130332021329863,-0.020816794054407395
319,fake_casablanca,3,6,0.8366693546711925,0.8481481995988736,,,-0.011478844927681031,,,,,
320,fake_essex,0,2,0.83079769718,0.830801354,,0.83079769718,-3.6568200000308693e-06,,0.0,,3.6568200000308693e-06,
321,fake_essex,0,3,0.830798694024,0.830801354,0.83080304588646,0.83079769718,-2.659976000018993e-06,-4.351862460061362e-06,9.968440000118761e-07,-1.6918864600423689e-06,3.6568200000308693e-06,5.348706460073238e-06
322,fake_essex,0,4,0.830798694024,0.830801354,0.8308113478,0.8504849750302769,-2.659976000018993e-06,-1.2653776000015604e-05,-0.019686281006276896,-9.993799999996611e-06,-0.019683621030276877,-0.01967362723027688
323,fake_essex,0,5,0.830798694024,0.8450555223010815,0.8308113478,0.8504849796044033,-0.014256828277081524,-1.2653776000015604e-05,-0.019686285580403307,0.014244174501081508,-0.005429457303321783,-0.01967363180440329
324,fake_essex,0,6,0.830798694024,0.8451347588565796,,,-0.014336064832579654,,,,,
325,fake_essex,1,2,0.830798695602,0.830801354,,0.83079769718,-2.6583979999550422e-06,,9.98422000075827e-07,,3.6568200000308693e-06,
326,fake_essex,1,3,0.830798695602,0.83080966201354,0.830801354,0.83079769718,-1.0966411539969911e-05,-2.6583979999550422e-06,9.98422000075827e-07,8.308013540014869e-06,1.1964833540045738e-05,3.6568200000308693e-06
327,fake_essex,1,4,0.830798695602,0.8308179701101601,0.8308179701101601,0.8504849750302769,-1.9274508160083137e-05,-1.9274508160083137e-05,-0.01968627942827683,0.0,-0.01966700492011675,-0.01966700492011675
328,fake_essex,1,5,0.830798695602,0.8417307791052812,0.8308179701101601,0.8504849796044033,-0.01093208350328112,-1.9274508160083137e-05,-0.019686284002403243,0.010912808995121037,-0.008754200499122122,-0.01966700949424316
329,fake_essex,1,6,0.830798695602,0.8418775543572659,,,-0.011078858755265819,,,,,
330,fake_essex,2,2,0.812933142421,0.8129297261,,0.812933142421,3.4163209999826805e-06,,0.0,,-3.4163209999826805e-06,
331,fake_essex,2,3,0.812933142421,0.8129297261,0.8129397076,0.812933142421,3.4163209999826805e-06,-6.565178999995425e-06,0.0,-9.981499999978105e-06,-3.4163209999826805e-06,6.565178999995425e-06
332,fake_essex,2,4,0.8183895521816655,0.81838755182623,0.8129397076,0.8459071932380517,2.0003554355163544e-06,0.0054498445816655305,-0.02751764105638621,0.005447844226230014,-0.027519641411821727,-0.03296748563805174
333,fake_essex,2,5,0.8183895521816655,0.8363157745262081,0.8129397076,0.8459072202604452,-0.017926222344542553,0.0054498445816655305,-0.027517668078779645,0.023376066926208083,-0.009591445734237092,-0.032967512660445175
334,fake_essex,2,6,0.8183895521816655,0.83732904412782,,,-0.01893949194615452,,,,,
335,fake_essex,3,2,0.82682230605,0.8268086117,,0.82682330486,1.369434999998198e-05,,-9.98810000041317e-07,,-1.4693160000023298e-05,
336,fake_essex,3,3,0.82682430486,0.8268086117,0.826810343413884,0.82682330486,1.5693160000052053e-05,1.3961446115984266e-05,1.0000000000287557e-06,-1.731713884067787e-06,-1.4693160000023298e-05,-1.296144611595551e-05
337,fake_essex,3,4,0.82682430486,0.8268086117,0.826818601400102,0.8499309570352342,1.5693160000052053e-05,5.703459898032115e-06,-0.02310665217523422,-9.989700102019938e-06,-0.023122345335234273,-0.023112355635132253
338,fake_essex,3,5,0.82682430486,0.8367908415263288,0.826818601400102,0.849930984904774,-0.00996653666632874,5.703459898032115e-06,-0.02310668004477401,0.009972240126226772,-0.013140143378445268,-0.02311238350467204
339,fake_essex,3,6,0.82682430486,0.8368098379768653,,,-0.00998553311686523,,,,,
340,fake_geneva,0,2,0.838908136364,0.838904037,,0.838908136364,4.099363999920946e-06,,0.0,,-4.099363999920946e-06,
341,fake_geneva,0,3,0.838908136806,0.83891242604037,0.838922421540324,0.838908422237588,-4.28923437001405e-06,-1.4284734324077064e-05,-2.854315880318481e-07,-9.995499954063014e-06,4.003802781982202e-06,1.3999302736045216e-05
342,fake_geneva,0,4,0.838908136806,0.8389208151646304,0.8389475817030924,0.8525188035398981,-1.2678358630391351e-05,-3.9444897092399955e-05,-0.013610666733898102,-2.6766538462008604e-05,-0.013597988375267711,-0.013571221836805702
343,fake_geneva,0,5,0.838908136806,0.8389292043727821,0.8389559673862768,0.8525188150204385,-2.1067566782106972e-05,-4.783058027679754e-05,-0.01361067821443851,-2.676301349469057e-05,-0.013589610647656403,-0.013562847634161712
344,fake_geneva,0,6,0.838908136806,0.8414028995181216,,,-0.0024947627121216787,,,,,
345,fake_geneva,1,2,0.825393761408,0.825392073,,0.825393761408,1.6884080000778567e-06,,0.0,,-1.6884080000778567e-06,
346,fake_geneva,1,3,0.825393761408,0.82540032692073,0.825418577641392,0.825393761408,-6.5655127299280025e-06,-2.4816233392011e-05,0.0,-1.8250720662082998e-05,6.5655127299280025e-06,2.4816233392011e-05
347,fake_geneva,1,4,0.8377438618375821,0.8377958724154311,0.8254350684321141,0.8500837908104063,-5.201057784898211e-05,0.012308793405467977,-0.01233992897282421,0.01236080398331696,-0.012287918394975228,-0.024648722378292187
348,fake_geneva,1,5,0.8377438618375821,0.846504516742711,0.8254515947146651,0.8500838168566651,-0.008760654905128895,0.012292267122916978,-0.012339955019083026,0.021052922028045873,-0.0035793001139541314,-0.024632222142000004
349,fake_geneva,1,6,0.8377438618375821,0.8470322796584928,,,-0.009288417820910722,,,,,
350,fake_geneva,2,2,0.753192950035,0.753199645,,0.753192950035,-6.694965000053621e-06,,0.0,,6.694965000053621e-06,
351,fake_geneva,2,3,0.753192950035,0.75320717699645,0.753217177296452,0.753192950035,-1.4226961450036768e-05,-2.422726145201448e-05,0.0,-1.0000300001977713e-05,1.4226961450036768e-05,2.422726145201448e-05
352,fake_geneva,2,4,0.753192950035,0.75321470906822,0.7532397670891319,0.8146703482390685,-2.1759033219992396e-05,-4.681705413189796e-05,-0.0614773982040685,-2.5058020911905565e-05,-0.06145563917084851,-0.0614305811499366
353,fake_geneva,2,5,0.753192950035,0.7532222412153107,0.7532472960912214,0.8146704438134513,-2.9291180310697662e-05,-5.434605622145483e-05,-0.06147749377845135,-2.505487591075717e-05,-0.061448202598140655,-0.0614231477222299
354,fake_geneva,2,6,0.753192950035,0.7532297734377228,,,-3.68234027228187e-05,,,,,
355,fake_geneva,3,2,0.763523905065,0.7635104728,,0.763523905065,1.3432265000057342e-05,,0.0,,-1.3432265000057342e-05,
356,fake_geneva,3,3,0.763524901,0.763518107904728,0.763535722809048,0.763523969999962,6.7930952720729465e-06,-1.0821809047989461e-05,9.310000380624572e-07,-1.7614904320062408e-05,-5.862095234010489e-06,1.1752809086051919e-05
357,fake_geneva,3,4,0.8301036920447659,0.8300905333778222,0.7635509591892893,0.8214856056340503,1.3158666943624553e-05,0.06655273285547658,0.008618086410715597,0.06653957418853296,0.008604927743771973,-0.057934646444760984
358,fake_geneva,3,5,0.8301036920447659,0.8370070084939962,0.7705209685616619,0.821485619916412,-0.006903316449230368,0.059582723483104005,0.00861807212835386,0.06648603993233437,0.015521388577584228,-0.050964651354750146
359,fake_geneva,3,6,0.8301036920447659,0.8391266440635431,,,-0.00902295201877723,,,,,
360,fake_geneva,4,2,0.8391163589,0.839106583,,0.83911535944,9.77590000006412e-06,,9.994599999840759e-07,,-8.776440000080044e-06,
361,fake_geneva,4,3,0.8391163589,0.839106583,0.8391165776,0.839115909645136,9.77590000006412e-06,-2.1869999999868384e-07,4.4925486397673353e-07,-9.994600000062803e-06,-9.326645136087386e-06,6.679548639754174e-07
362,fake_geneva,4,4,0.8391163589,0.839106583,0.8391165776,0.8523441148038643,9.77590000006412e-06,-2.1869999999868384e-07,-0.013227755903864269,-9.994600000062803e-06,-0.013237531803864333,-0.01322753720386427
363,fake_geneva,4,5,0.8391163589,0.8503974622483642,0.8391165776,0.8523441362662553,-0.011281103348364185,-2.1869999999868384e-07,-0.013227777366255244,0.011280884648364187,-0.001946674017891059,-0.013227558666255246
364,fake_geneva,4,6,0.8391163589,0.8504572175079206,,,-0.011340858607920556,,,,,
365,fake_guadalupe,0,2,0.839106413024,0.8391137624,,0.839105414548,-7.349375999998742e-06,,9.984759999914772e-07,,8.347851999990219e-06,
366,fake_guadalupe,0,3,0.839106413024,0.8391137624,0.8391237624,0.8391054263300168,-7.349375999998742e-06,-1.734937599995323e-05,9.866939831848498e-07,-9.99999999995449e-06,8.336069983183592e-06,1.833606998313808e-05
367,fake_guadalupe,0,4,0.839106413024,0.8391137624,0.8391237624,0.8522029728225441,-7.349375999998742e-06,-1.734937599995323e-05,-0.013096559798544072,-9.99999999995449e-06,-0.013089210422544073,-0.013079210422544119
368,fake_guadalupe,0,5,0.839106413024,0.8447413306039763,0.8391237624,0.8522029732776106,-0.005634917579976251,-1.734937599995323e-05,-0.013096560253610612,0.0056175682039762975,-0.007461642673634361,-0.013079210877610659
369,fake_guadalupe,0,6,0.839106413024,0.8463588603625346,,,-0.0072524473385345845,,,,,
370,fake_guadalupe,1,2,0.8397487582,0.839750756,,0.83974875776,-1.997800000097527e-06,,4.399999253834608e-10,,1.9982400000229106e-06,
371,fake_guadalupe,1,3,0.8397487582,0.839750756,0.839752349592528,0.839748994751264,-1.997800000097527e-06,-3.5913925280350867e-06,-2.3655126402122306e-07,-1.5935925279375596e-06,1.761248736076304e-06,3.3548412640138636e-06
372,fake_guadalupe,1,4,0.8416636873353577,0.84165448724096,0.839752349592528,0.8524795098090592,9.200094397643355e-06,0.0019113377428296996,-0.010815822473701497,0.0019021376484320562,-0.01082502256809914,-0.012727160216531197
373,fake_guadalupe,1,5,0.8416636873353577,0.8494427302309497,0.839752349592528,0.8524795186892119,-0.007779042895592059,0.0019113377428296996,-0.010815831353854222,0.009690380638421758,-0.003036788458262163,-0.012727169096683921
374,fake_guadalupe,1,6,0.8416636873353577,0.8495625215090262,,,-0.007898834173668545,,,,,
375,fake_guadalupe,2,2,0.841632431595,0.8416247576,,0.841633430916,7.673995000012646e-06,,-9.993209999503705e-07,,-8.673315999963016e-06,
376,fake_guadalupe,2,3,0.841633429558,0.841633173847576,0.841631589895152,0.8416342801611568,2.557104240574759e-07,1.8396628480576993e-06,-8.50603156798968e-07,1.5839524240002234e-06,-1.106313580856444e-06,-2.6902660048566673e-06
377,fake_guadalupe,2,4,0.841633429558,0.8416415901793145,0.8416484281254939,0.852523886767616,-8.160621314479144e-06,-1.4998567493873516e-05,-0.010890457209616011,-6.837946179394372e-06,-0.010882296588301532,-0.010875458642122138
378,fake_guadalupe,2,5,0.841633429558,0.8491276051922477,0.8416668339125832,0.8525239138374073,-0.007494175634247702,-3.340435458321078e-05,-0.010890484279407309,0.007460771279664491,-0.003396308645159607,-0.010857079924824098
379,fake_guadalupe,2,6,0.841633429558,0.8491850312257769,,,-0.007551601667776908,,,,,
380,fake_guadalupe,3,2,0.838265483152,0.838271845,,0.8382654824,-6.361847999958314e-06,,7.52000017811838e-10,,6.362599999976126e-06,
381,fake_guadalupe,3,3,0.838265483152,0.838271845,0.838273462381548,0.8382654824,-6.361847999958314e-06,-7.979229547983024e-06,7.52000017811838e-10,-1.61738154802471e-06,6.362599999976126e-06,7.979981548000836e-06
382,fake_guadalupe,3,4,0.8392033028524785,0.8392414761224326,0.838273462381548,0.8521089494487473,-3.817326995414483e-05,0.0009298404709304764,-0.012905646596268805,0.0009680137408846212,-0.01286747332631466,-0.013835487067199281
383,fake_guadalupe,3,5,0.8392033028524785,0.846944486573646,0.838273462381548,0.8521089599796131,-0.007741183721167499,0.0009298404709304764,-0.012905657127134651,0.008671024192097976,-0.0051644734059671515,-0.013835497598065127
384,fake_guadalupe,3,6,0.8392033028524785,0.8471258394913729,,,-0.007922536638894417,,,,,
385,fake_guadalupe,4,2,0.842243184256,0.8422505582,,0.842242184768,-7.373944000077515e-06,,9.994880000308015e-07,,8.373432000108316e-06,
386,fake_guadalupe,4,3,0.842243184256,0.8422505582,0.842260548,0.842242184768,-7.373944000077515e-06,-1.736374400007623e-05,9.994880000308015e-07,-9.989799999998716e-06,8.373432000108316e-06,1.8363232000107033e-05
387,fake_guadalupe,4,4,0.842243184256,0.8422505582,0.842260548,0.852687102272459,-7.373944000077515e-06,-1.736374400007623e-05,-0.010443918016459053,-9.989799999998716e-06,-0.010436544072458975,-0.010426554272458977
388,fake_guadalupe,4,5,0.842243184256,0.8434440293116405,0.842260548,0.8526871044523687,-0.0012008450556405537,-1.736374400007623e-05,-0.01044392019636875,0.0011834813116404774,-0.009243075140728196,-0.010426556452368674
389,fake_guadalupe,4,6,0.842243184256,0.8452201792913494,,,-0.002976995035349428,,,,,
390,fake_guadalupe,5,2,0.841633430237,0.8416247576,,0.841633430916,8.672636999995653e-06,,-6.789999673628699e-10,,-8.673315999963016e-06,
391,fake_guadalupe,5,3,0.841635429558,0.8416247576,0.8416347576,0.8416342801611568,1.067195799997478e-05,6.719580000202896e-07,1.149396843147521e-06,-9.99999999995449e-06,-9.522561156827258e-06,4.774388431272314e-07
392,fake_guadalupe,5,4,0.841635429558,0.8416247576,0.8416347576,0.852523886767616,1.067195799997478e-05,6.719580000202896e-07,-0.010888457209616065,-9.99999999995449e-06,-0.01089912916761604,-0.010889129167616085
393,fake_guadalupe,5,5,0.841635429558,0.8430615734144101,0.8416347576,0.8525239138374073,-0.0014261438564101558,6.719580000202896e-07,-0.010888484279407362,0.0014268158144101761,-0.009462340422997206,-0.010889156237407382
394,fake_guadalupe,5,6,0.841635429558,0.8430985859137331,,,-0.0014631563557331306,,,,,
395,fake_hanoi,0,2,0.847742757219,0.8477472992,,0.847742757219,-4.541980999972495e-06,,0.0,,4.541980999972495e-06,
396,fake_hanoi,0,3,0.847742757219,0.847755776672992,0.84777425114592,0.847742757219,-1.301945399190263e-05,-3.1493926919923254e-05,0.0,-1.8474472928020624e-05,1.301945399190263e-05,3.1493926919923254e-05
397,fake_hanoi,0,4,0.847742757219,0.8477642542307587,0.8477912070314069,0.8531935580580423,-2.149701175868657e-05,-4.844981240681445e-05,-0.005450800839042258,-2.6952800648127884e-05,-0.005429303827283571,-0.0054023510266354435
398,fake_hanoi,0,5,0.847742757219,0.8515313379344934,0.8478081624550755,0.8531935591342348,-0.0037885807154933726,-6.540523607545534e-05,-0.0054508019152347265,0.0037231754794179173,-0.0016622211997413538,-0.005385396679159271
399,fake_hanoi,0,6,0.847742757219,0.8515907105514733,,,-0.0038479533324732307,,,,,
400,fake_hanoi,1,2,0.847779211317,0.8477624578,,0.84777821169,1.6753516999923335e-05,,9.996269999534846e-07,,-1.575388999996985e-05,
401,fake_hanoi,1,3,0.847779211317,0.8477624578,0.847763979875424,0.847778768874588,1.6753516999923335e-05,1.5231441576002425e-05,4.4244241192981093e-07,-1.52207542392091e-06,-1.6311074587993524e-05,-1.4788999164072614e-05
402,fake_hanoi,1,4,0.847779211317,0.8477624578,0.847763979875424,0.8531617990633136,1.6753516999923335e-05,1.5231441576002425e-05,-0.005382587746313616,-1.52207542392091e-06,-0.00539934126331354,-0.005397819187889619
403,fake_hanoi,1,5,0.847779211317,0.8477624578,0.847763979875424,0.8531618076875949,1.6753516999923335e-05,1.5231441576002425e-05,-0.005382596370594905,-1.52207542392091e-06,-0.005399349887594829,-0.005397827812170908
404,fake_hanoi,1,6,0.847779211317,0.8477624578,,,1.6753516999923335e-05,,,,,
405,fake_hanoi,2,2,0.844818893188,0.8448189866,,0.844818893188,-9.341200002399574e-08,,0.0,,9.341200002399574e-08,
406,fake_hanoi,2,3,0.844818894934,0.8448189866,0.8448289692,0.844819150737532,-9.166600001275782e-08,-1.0074265999970855e-05,-2.558035320232577e-07,-9.982599999958097e-06,-1.6413753201049985e-07,9.818462467947597e-06
407,fake_hanoi,2,4,0.847086099482107,0.8471390974062752,0.8448289692,0.8526587806836078,-5.2997924168241006e-05,0.002257130282107056,-0.005572681201500784,0.002310128206275297,-0.005519683277332543,-0.00782981148360784
408,fake_hanoi,2,5,0.847086099482107,0.8507452796309253,0.8448289692,0.8526587865391252,-0.003659180148818275,0.002257130282107056,-0.0055726870570181886,0.005916310430925331,-0.0019135069081999134,-0.007829817339125245
409,fake_hanoi,2,6,0.847086099482107,0.8508249514499513,,,-0.003738851967844292,,,,,
410,fake_hanoi,3,2,0.848694584336,0.848681777,,0.848694584336,1.280733599995365e-05,,0.0,,-1.280733599995365e-05,
411,fake_hanoi,3,3,0.848694584336,0.848681777,0.848681777,0.848694584336,1.280733599995365e-05,1.280733599995365e-05,0.0,0.0,-1.280733599995365e-05,-1.280733599995365e-05
412,fake_hanoi,3,4,0.848694584336,0.848681777,0.848681777,0.8531979603821196,1.280733599995365e-05,1.280733599995365e-05,-0.0045033760461196115,0.0,-0.004516183382119565,-0.004516183382119565
413,fake_hanoi,3,5,0.848694584336,0.851321364086202,0.848681777,0.8531979616017166,-0.0026267797502019796,1.280733599995365e-05,-0.0045033772657165905,0.0026395870862019333,-0.0018765975155146108,-0.004516184601716544
414,fake_hanoi,3,6,0.848694584336,0.8513895261083371,,,-0.0026949417723370894,,,,,
415,fake_hanoi,4,2,0.8393223024,0.839315897,,0.839323301725,6.405400000075723e-06,,-9.99324999972906e-07,,-7.404725000048629e-06,
416,fake_hanoi,4,3,0.83932430105,0.83932429015897,0.839334290058968,0.839323301725,1.0891029966764165e-08,-9.98900896798105e-06,9.99324999972906e-07,-9.999899997947814e-06,9.884339700061417e-07,1.0988333967953956e-05
417,fake_hanoi,4,4,0.83932430105,0.8393326834018716,0.8393594609758342,0.8524937689385435,-8.3823518716164e-06,-3.515992583424943e-05,-0.013169467888543451,-2.6777573962633028e-05,-0.013161085536671835,-0.013134307962709202
418,fake_hanoi,4,5,0.83932430105,0.8433872341507843,0.8393678499788122,0.8524937824916714,-0.004062933100784316,-4.3548928812198184e-05,-0.013169481441671405,0.004019384171972118,-0.009106548340887088,-0.013125932512859206
419,fake_hanoi,4,6,0.83932430105,0.8464962856961172,,,-0.007171984646117235,,,,,
420,fake_hanoi,5,2,0.8407074125,0.840704,,0.8407074125,3.412500000021801e-06,,0.0,,-3.412500000021801e-06,
421,fake_hanoi,5,3,0.8407074125,0.84071240704,0.84071082988032,0.840707732789928,-4.994540000025083e-06,-3.4173803199477604e-06,-3.2028992802413114e-07,1.5771596800773224e-06,4.674250072000952e-06,3.0970903919236292e-06
422,fake_hanoi,5,4,0.8407074125,0.8407208141640704,0.8407276372922295,0.852358045592511,-1.3401664070378239e-05,-2.022479222951734e-05,-0.01165063309251102,-6.823128159139102e-06,-0.011637231428440642,-0.011630408300281503
423,fake_hanoi,5,5,0.8407074125,0.8407292213722121,0.8407460266765227,0.8523580565446586,-2.1808872212036867e-05,-3.861417652262222e-05,-0.011650644044658542,-1.6805304310585356e-05,-0.011628835172446506,-0.01161202986813592
424,fake_hanoi,5,6,0.8407074125,0.8427275551424565,,,-0.002020142642456424,,,,,
425,fake_hanoi,6,2,0.844861719746,0.8448678858,,0.844861719746,-6.16605400005632e-06,,0.0,,6.16605400005632e-06,
426,fake_hanoi,6,3,0.844861719746,0.8448678858,0.8448678858,0.8448618687959047,-6.16605400005632e-06,-6.16605400005632e-06,-1.490499047518412e-07,0.0,6.017004095304479e-06,6.017004095304479e-06
427,fake_hanoi,6,4,0.8460199614085379,0.845993068204946,0.8448678858,0.8529045682901956,2.689320359183789e-05,0.0011520756085378059,-0.006884606881657707,0.001125182404945968,-0.0069115000852495445,-0.008036682490195513
428,fake_hanoi,6,5,0.8460199614085379,0.8495859860240302,0.8448678858,0.8529045717662659,-0.0035660246154923803,0.0011520756085378059,-0.006884610357728027,0.004718100224030186,-0.003318585742235647,-0.008036685966265833
429,fake_hanoi,6,6,0.8460199614085379,0.8496338731492243,,,-0.003613911740686482,,,,,
430,fake_jakarta,0,2,0.838037946639,0.8380493542,,0.83803894664,-1.1407561000043032e-05,,-1.000001000006634e-06,,1.0407560000036398e-05,
431,fake_jakarta,0,3,0.838038948606,0.8380493542,0.838050973806456,0.83803967720162,-1.0405594000006957e-05,-1.2025200455956231e-05,-7.285956199476473e-07,-1.619606455949274e-06,9.67699838005931e-06,1.1296604836008584e-05
432,fake_jakarta,0,4,0.838038948606,0.8380493542,0.838050973806456,0.8519391420505635,-1.0405594000006957e-05,-1.2025200455956231e-05,-0.013900193444563502,-1.619606455949274e-06,-0.013889787850563495,-0.013888168244107546
433,fake_jakarta,0,5,0.838038948606,0.8477668061678215,0.838050973806456,0.8519391720897962,-0.009727857561821485,-1.2025200455956231e-05,-0.013900223483796159,0.009715832361365528,-0.0041723659219746745,-0.013888198283340203
434,fake_jakarta,0,6,0.838038948606,0.8477808102075755,,,-0.009741861601575419,,,,,
435,fake_jakarta,1,2,0.81854081049,0.8185364426,,0.81854081049,4.3678900000232446e-06,,0.0,,-4.3678900000232446e-06,
436,fake_jakarta,1,3,0.81854081049,0.818544627964426,0.818554616664312,0.81854081049,-3.817474425904521e-06,-1.3806174311903341e-05,0.0,-9.98869988599882e-06,3.817474425904521e-06,1.3806174311903341e-05
437,fake_jakarta,1,4,0.81854081049,0.8185528134107056,0.818579167792505,0.8482279831675951,-1.200292070557829e-05,-3.835730250489888e-05,-0.02968717267759502,-2.6354381799320592e-05,-0.02967516975688944,-0.02964881537509012
438,fake_jakarta,1,5,0.81854081049,0.8411335753264938,0.8185873507903946,0.8482279921974771,-0.02259276483649375,-4.654030039452639e-05,-0.029687181707477084,0.022546224536099224,-0.007094416870983333,-0.029640641407082557
439,fake_jakarta,1,6,0.81854081049,0.8413701421583464,,,-0.02282933166834633,,,,,
440,fake_jakarta,2,2,0.84184847744,0.8418298578,,0.84184847744,1.8619640000050452e-05,,0.0,,-1.8619640000050452e-05,
441,fake_jakarta,2,3,0.84184847744,0.8418298578,0.841831439201424,0.841848749128832,1.8619640000050452e-05,1.703823857601705e-05,-2.716888319875821e-07,-1.5814014240334018e-06,-1.8891328832038035e-05,-1.7309927408004633e-05
442,fake_jakarta,2,4,0.84184847744,0.8418298578,0.841831439201424,0.8526128739864627,1.8619640000050452e-05,1.703823857601705e-05,-0.010764396546462662,-1.5814014240334018e-06,-0.010783016186462713,-0.01078143478503868
443,fake_jakarta,2,5,0.84184847744,0.8470986964244098,0.841831439201424,0.8526128825414007,-0.005250218984409805,1.703823857601705e-05,-0.010764405101400643,0.005267257222985822,-0.005514186116990838,-0.01078144333997666
444,fake_jakarta,2,6,0.84184847744,0.8471615613560637,,,-0.005313083916063666,,,,,
445,fake_jakarta,3,2,0.83376959941,0.833762776,,0.833768600215,6.8234099999120446e-06,,9.991949999621497e-07,,-5.824214999949895e-06,
446,fake_jakarta,3,3,0.83376959941,0.83377111362776,0.8337794552556,0.833768600215,-1.514217760067993e-06,-9.855845600093005e-06,9.991949999621497e-07,-8.341627840025012e-06,2.5134127600301426e-06,1.0855040600055155e-05
447,fake_jakarta,3,4,0.83376959941,0.8337794513388963,0.8337877930501526,0.8516839714719364,-9.85192889635389e-06,-1.819364015265279e-05,-0.017914372061936468,-8.3417112562989e-06,-0.017904520133040114,-0.017896178421783815
448,fake_jakarta,3,5,0.83376959941,0.8462476971739994,0.8338128067673221,0.8516839748401058,-0.01247809776399944,-4.32073573221059e-05,-0.017914375430105878,0.012434890406677335,-0.005436277666106437,-0.017871168072783772
449,fake_jakarta,3,6,0.83376959941,0.8472724309647307,,,-0.013502831554730754,,,,,
450,fake_johannesburg,0,2,0.833872324736,0.8338641839,,0.833871326145,8.1408360000923e-06,,9.985910000009923e-07,,-7.142245000091307e-06,
451,fake_johannesburg,0,3,0.833872324736,0.8338641839,0.8338641839,0.833871326145,8.1408360000923e-06,8.1408360000923e-06,9.985910000009923e-07,0.0,-7.142245000091307e-06,-7.142245000091307e-06
452,fake_johannesburg,0,4,0.833872324736,0.8338641839,0.8338641839,0.8510973018213174,8.1408360000923e-06,8.1408360000923e-06,-0.01722497708531734,0.0,-0.01723311792131743,-0.01723311792131743
453,fake_johannesburg,0,5,0.833872324736,0.8338641839,0.8338641839,0.8510973097703664,8.1408360000923e-06,8.1408360000923e-06,-0.017224985034366314,0.0,-0.017233125870366406,-0.017233125870366406
454,fake_johannesburg,0,6,0.833872324736,0.8338641839,,,8.1408360000923e-06,,,,,
455,fake_johannesburg,1,2,0.804389156305,0.8043841591,,0.804389156305,4.997204999912519e-06,,0.0,,-4.997204999912519e-06,
456,fake_johannesburg,1,3,0.804389156305,0.804392202941591,0.8043841591,0.804389237435973,-3.046636591008678e-06,4.997204999912519e-06,-8.113097305084693e-08,8.043841590921197e-06,2.965505617957831e-06,-5.078335972963366e-06
457,fake_johannesburg,1,4,0.804389156305,0.8044002468636204,0.8044002468636204,0.8430238275967608,-1.1090558620474589e-05,-1.1090558620474589e-05,-0.03863467129176079,0.0,-0.03862358073314032,-0.03862358073314032
458,fake_johannesburg,1,5,0.804389156305,0.8078124307108484,0.8044002468636204,0.8430238378942916,-0.003423274405848442,-1.1090558620474589e-05,-0.03863468158929162,0.0034121838472279675,-0.03521140718344318,-0.038623591030671145
459,fake_johannesburg,1,6,0.804389156305,0.8180198970548818,,,-0.013630740749881798,,,,,
460,fake_johannesburg,2,2,0.787630791452,0.7876335997,,0.787630795148,-2.8082480000302112e-06,,-3.696000061559346e-09,,2.804551999968652e-06,
461,fake_johannesburg,2,3,0.78763279515,0.787641476035997,0.787641476035997,0.7876316472035656,-8.680885997036647e-06,-8.680885997036647e-06,1.147946434354452e-06,0.0,9.828832431391099e-06,9.828832431391099e-06
462,fake_johannesburg,2,4,0.830220359489394,0.8302512316503352,0.7876592594924537,0.834839809275193,-3.087216094121992e-05,0.042561099996940244,-0.004619449785798979,0.042591972157881464,-0.004588577624857759,-0.04718054978273922
463,fake_johannesburg,2,5,0.830220359489394,0.8399002063274075,0.7893274101624791,0.8348399491213007,-0.009679846838013484,0.040892949326914896,-0.004619589631906673,0.05057279616492838,0.005060257206106811,-0.04551253895882157
464,fake_johannesburg,2,6,0.830220359489394,0.8416446300422886,,,-0.011424270552894633,,,,,
465,fake_johannesburg,3,2,0.807213503592,0.8072010939,,0.807213502288,1.2409691999892836e-05,,1.3039999080532994e-09,,-1.2408387999984782e-05,
466,fake_johannesburg,3,3,0.807213503592,0.807209165910939,0.8072110938,0.8072137464498064,4.337681060895271e-06,2.40979199994662e-06,-2.428578064206377e-07,-1.927889060948651e-06,-4.580538867315909e-06,-2.6526498063672577e-06
467,fake_johannesburg,3,4,0.807213503592,0.8072172380025981,0.807219165910938,0.8442345353101625,-3.7344105981995668e-06,-5.662318938060018e-06,-0.03702103171816251,-1.9279083398604513e-06,-0.03701729730756431,-0.03701536939922445
468,fake_johannesburg,3,5,0.807213503592,0.8092221178605399,0.8072272381025971,0.8442345647329493,-0.002008614268539932,-1.373451059716313e-05,-0.037021061140949385,0.001994879757942769,-0.03501244687240945,-0.03700732663035222
469,fake_johannesburg,3,6,0.807213503592,0.8198129177178212,,,-0.012599414125821218,,,,,
470,fake_johannesburg,4,2,0.804437915405,0.8044305837,,0.804438910188,7.331705000002131e-06,,-9.94782999974575e-07,,-8.326487999976706e-06,
471,fake_johannesburg,4,3,0.804438910188,0.804438628005837,0.804448602005576,0.8044392508016992,2.8218216296949095e-07,-9.691817576040762e-06,-3.40613699245651e-07,-9.973999739010253e-06,-6.227958622151419e-07,9.351203876795111e-06
472,fake_johannesburg,4,4,0.8205578480299566,0.8205569291004386,0.8044566530921161,0.8426063081987596,9.189295179234946e-07,0.016101194937840457,-0.02204846016880302,0.016100276008322534,-0.022049379098320943,-0.038149655106643476
473,fake_johannesburg,4,5,0.8205578480299566,0.8304495505648363,0.804464691058061,0.8426063509009268,-0.009891702534879698,0.016093156971895617,-0.022048502870970266,0.025984859506775315,-0.012156800336090567,-0.03814165984286588
474,fake_johannesburg,4,6,0.8205578480299566,0.8315934307407469,,,-0.011035582710790304,,,,,
475,fake_johannesburg,5,2,0.791447787583,0.7914471575,,0.791447788949,6.300829999972279e-07,,-1.3659999797965838e-09,,-6.314489999770245e-07,
476,fake_johannesburg,5,3,0.791447787583,0.791455071971575,0.791465044771302,0.791447788949,-7.284388575001799e-06,-1.7257188301922355e-05,-1.3659999797965838e-09,-9.972799726920556e-06,7.283022575022002e-06,1.7255822301942558e-05
477,fake_johannesburg,5,4,0.8231295782227362,0.8231156212751946,0.791465044771302,0.8376032628418375,1.395694754169341e-05,0.031664533451434274,-0.014473684619101257,0.03165057650389258,-0.01448764156664295,-0.04613821807053553
478,fake_johannesburg,5,5,0.8231295782227362,0.8415987196745257,0.7914808741513439,0.8376032699646341,-0.01846914145178946,0.03164870407139231,-0.014473691741897832,0.05011784552318177,0.00399544970989163,-0.04612239581329014
479,fake_johannesburg,5,6,0.8231295782227362,0.8439903515325899,,,-0.020860773309853697,,,,,
480,fake_kolkata,0,2,0.849574278895,0.8495691254,,0.849575278234,5.153495000076447e-06,,-9.993389999962687e-07,,-6.1528340000727155e-06,
481,fake_kolkata,0,3,0.849575278234,0.849577621091254,0.849576119982576,0.8495756056174564,-2.3428572539785364e-06,-8.4174857595265e-07,-3.273834563444211e-07,1.5011086780258864e-06,2.0154737976341153e-06,5.143651196082288e-07
482,fake_kolkata,0,4,0.849575278234,0.8495861168674649,0.8495931175029199,0.8532614591556956,-1.0838633464849146e-05,-1.7839268919850326e-05,-0.003686180921695592,-7.000635455001181e-06,-0.003675342288230743,-0.0036683416527757418
483,fake_kolkata,0,5,0.849575278234,0.8506603994407487,0.8496116017380845,0.8532614626075679,-0.0010851212067486404,-3.6323504084445624e-05,-0.0036861843735678246,0.0010487977026641948,-0.002601063166819184,-0.003649860869483379
484,fake_kolkata,0,6,0.849575278234,0.8507054600523635,,,-0.0011301818183634404,,,,,
485,fake_kolkata,1,2,0.844981369071,0.8449830678,,0.84498236864,-1.6987290000214372e-06,,-9.99569000015299e-07,,6.991600000061382e-07,
486,fake_kolkata,1,3,0.844984367778,0.844991517630678,0.844999971861444,0.8449832043190232,-7.149852678023372e-06,-1.5604083444031858e-05,1.1634589768272363e-06,-8.454230766008486e-06,8.313311654850608e-06,1.6767542420859094e-05
487,fake_kolkata,1,4,0.8453875548107038,0.8454539414110486,0.8450084218611627,0.8529613424723129,-6.638660034474775e-05,0.00037913294954117216,-0.007573787661609099,0.0004455195498859199,-0.007507401061264352,-0.007952920611150271
488,fake_kolkata,1,5,0.8453875548107038,0.8487710631459122,0.8450337721983184,0.8529613617984099,-0.003383508335208396,0.00035378261238538933,-0.007573806987706044,0.0037372909475937854,-0.004190298652497648,-0.007927589600091434
489,fake_kolkata,1,6,0.8453875548107038,0.8488679736492919,,,-0.003480418838588073,,,,,
490,fake_kolkata,2,2,0.818379946624,0.8183800521,,0.818380946624,-1.0547599993415702e-07,,-9.999999999177334e-07,,-8.945239999835763e-07,
491,fake_kolkata,2,3,0.81838293904,0.818388235900521,0.818396419701042,0.8183818394014336,-5.296860520975777e-06,-1.3480661042009068e-05,1.0996385664263642e-06,-8.183800521033291e-06,6.396499087402141e-06,1.4580299608435432e-05
492,fake_kolkata,2,4,0.81838293904,0.81839641978288,0.818404603665239,0.8464988949558792,-1.3480742879989904e-05,-2.1664625239004032e-05,-0.02811595591587912,-8.183882359014127e-06,-0.02810247517299913,-0.028094291290640117
493,fake_kolkata,2,5,0.81838293904,0.8211076568352156,0.8184291558851886,0.8464989737993934,-0.0027247177952155477,-4.621684518857361e-05,-0.028116034759393393,0.002678500950026974,-0.025391316964177846,-0.02806981791420482
494,fake_kolkata,2,6,0.81838293904,0.8214160993953142,,,-0.0030331603553142017,,,,,
495,fake_kolkata,3,2,0.838789983632,0.83877876,,0.838790983238,1.1223632000012529e-05,,-9.996060000849738e-07,,-1.2223238000097503e-05,
496,fake_kolkata,3,3,0.838790983238,0.83877876,0.83877876,0.838791269012346,1.2223238000097503e-05,1.2223238000097503e-05,-2.857743459649953e-07,0.0,-1.2509012346062498e-05,-1.2509012346062498e-05
497,fake_kolkata,3,4,0.8426354844889631,0.8426665269957201,0.83877876,0.8523969254239424,-3.104250675700637e-05,0.003856724488963126,-0.009761440934979326,0.003887766995720132,-0.00973039842822232,-0.013618165423942452
498,fake_kolkata,3,5,0.8426354844889631,0.8505108224041343,0.83877876,0.8523969369004973,-0.007875337915171254,0.003856724488963126,-0.009761452411534255,0.01173206240413438,-0.0018861144963630005,-0.01361817690049738
499,fake_kolkata,3,6,0.8426354844889631,0.8506868199102746,,,-0.008051335421311534,,,,,
500,fake_kolkata,4,2,0.848747078326,0.848743651,,0.848746078929,3.42732600000506e-06,,9.993970000454766e-07,,-2.4279289999595832e-06,
501,fake_kolkata,4,3,0.848747078326,0.848743651,0.848752141636542,0.848746078929,3.42732600000506e-06,-5.063310541952859e-06,9.993970000454766e-07,-8.490636541957919e-06,-2.4279289999595832e-06,6.062707541998336e-06
502,fake_kolkata,4,4,0.848747078326,0.848743651,0.848752141636542,0.8532501264831245,3.42732600000506e-06,-5.063310541952859e-06,-0.004503048157124434,-8.490636541957919e-06,-0.004506475483124439,-0.004497984846582481
503,fake_kolkata,4,5,0.848747078326,0.848743651,0.8487691167642499,0.8532501277029033,3.42732600000506e-06,-2.203843824988283e-05,-0.0045030493769032676,-2.546576424988789e-05,-0.004506476702903273,-0.004481010938653385
504,fake_kolkata,4,6,0.848747078326,0.848743651,,,3.42732600000506e-06,,,,,
505,fake_lagos,0,2,0.66816199103,0.6681813234,,0.66816199103,-1.9332370000069155e-05,,0.0,,1.9332370000069155e-05,
506,fake_lagos,0,3,0.7328068336,0.73282554821784,0.668204681426352,0.7325714336,-1.8714617839976633e-05,0.06460215217364795,0.00023539999999999672,0.06462086679148793,0.00025411461783997336,-0.06436675217364796
507,fake_lagos,0,4,0.8288480596356078,0.8288811159567483,0.73258716837262,0.7331768461372595,-3.305632114047885e-05,0.09626089126298787,0.09567121349834828,0.09629394758412835,0.09570426981948876,-0.0005896777646395845
508,fake_lagos,0,5,0.8288480596356078,0.8383044211738899,0.7326018804877948,0.7457570059079506,-0.00945636153828211,0.09624617914781297,0.08309105372765724,0.10570254068609508,0.09254741526593935,-0.013155125420155733
509,fake_lagos,0,6,0.8288480596356078,0.8475343010594941,,,-0.018686241423886307,,,,,
510,fake_lagos,1,2,0.75698593929,0.756997605,,0.756984939795,-1.1665709999997276e-05,,9.994949999869718e-07,,1.2665204999984248e-05,
511,fake_lagos,1,3,0.75698593929,0.75700517497605,0.757015164875948,0.7569851024307348,-1.9235686050000922e-05,-2.9225585947978416e-05,8.368592652185924e-07,-9.989899897977494e-06,2.0072545315219514e-05,3.006244521319701e-05
512,fake_lagos,1,4,0.836516442079902,0.8365035566623709,0.7570378694143933,0.8174535502673113,1.2885417531083299e-05,0.07947857266550862,0.019062891812590688,0.07946568724797753,0.019050006395059604,-0.06041568085291793
513,fake_lagos,1,5,0.836516442079902,0.8448154114304969,0.7716725959567362,0.8174535885353565,-0.008298969350594931,0.06484384612316574,0.0190628535445454,0.07314281547376067,0.02736182289514033,-0.04578099257862034
514,fake_lagos,1,6,0.836516442079902,0.8475554171761223,,,-0.011038975096220316,,,,,
515,fake_lagos,2,2,0.841341582645,0.841356735,,0.841341582645,-1.5152354999936613e-05,,0.0,,1.5152354999936613e-05,
516,fake_lagos,2,3,0.841341582645,0.84136514856735,0.8413735621347,0.841341582645,-2.3565922349977342e-05,-3.197948970001807e-05,0.0,-8.41356735004073e-06,2.3565922349977342e-05,3.197948970001807e-05
517,fake_lagos,2,4,0.841341582645,0.8413735622188356,0.8413819758703214,0.852551345008651,-3.197957383560546e-05,-4.0393225321344595e-05,-0.01120976236365101,-8.413651485739138e-06,-0.011177782789815405,-0.011169369138329666
518,fake_lagos,2,5,0.841341582645,0.8413819759544579,0.8414072174137348,0.8525513560011035,-4.039330945782016e-05,-6.563476873477914e-05,-0.011209773356103514,-2.5241459276958977e-05,-0.011169380046645694,-0.011144138587368735
519,fake_lagos,2,6,0.841341582645,0.8413903897742174,,,-4.8807129217398604e-05,,,,,
520,fake_lima,0,2,0.816638912047,0.8166389346,,0.816638912047,-2.2553000023073366e-08,,0.0,,2.2553000023073366e-08,
521,fake_lima,0,3,0.816639910478,0.816647100989346,0.816657101289348,0.816638952982671,-7.190511346011341e-06,-1.7190811347989055e-05,9.57495329023672e-07,-1.0000300001977713e-05,8.148006675035013e-06,1.8148306677012727e-05
522,fake_lima,0,4,0.8344491781295337,0.8345005150114715,0.8166815942860917,0.8475731986623087,-5.1336881937813494e-05,0.017767583843442014,-0.01312402053277506,0.017818920725379828,-0.013072683650837247,-0.030891604376217074
523,fake_lima,0,5,0.8344491781295337,0.8467479903863662,0.8166897577064531,0.8475732026615396,-0.012298812256832492,0.01775942042308054,-0.013124024532005896,0.030058232679913033,-0.0008252122751734037,-0.030883444955086437
524,fake_lima,0,6,0.8344491781295337,0.8476498472388291,,,-0.013200669109295404,,,,,
525,fake_lima,1,2,0.841568367032,0.8415638968,,0.841567367755,4.470232000008956e-06,,9.992770000355478e-07,,-3.470954999973408e-06,
526,fake_lima,1,3,0.841568367032,0.841572312438968,0.841580724477864,0.8415674081257908,-3.945406968020038e-06,-1.2357445864030758e-05,9.589062092141276e-07,-8.41203889601072e-06,4.904313177234165e-06,1.3316352073244886e-05
527,fake_lima,1,4,0.841568367032,0.8415807281620924,0.8415891402851088,0.8527192164519797,-1.2361130092397588e-05,-2.077325310878564e-05,-0.01115084941997968,-8.412123016388051e-06,-0.011138488289887283,-0.011130076166870895
528,fake_lima,1,5,0.841568367032,0.8497957119107743,0.8416143880434754,0.8527192177700408,-0.008227344878774301,-4.602101147543891e-05,-0.011150850738040785,0.008181323867298862,-0.002923505859266484,-0.011104829726565346
529,fake_lima,1,6,0.841568367032,0.849842304871659,,,-0.008273937839659018,,,,,
530,fake_lima,2,2,0.816639911262,0.8166389346,,0.816638912047,9.766619999407311e-07,,9.992149999638045e-07,,2.2553000023073366e-08,
531,fake_lima,2,3,0.816639912046,0.8166389346,0.8166489188,0.816638952982671,9.774459999167817e-07,-9.006754000062678e-06,9.590633289757733e-07,-9.98419999997946e-06,-1.8382670941008428e-08,9.965817329038451e-06
532,fake_lima,2,4,0.816639912046,0.8166389346,0.8166489188,0.8475731986623087,9.774459999167817e-07,-9.006754000062678e-06,-0.030933286616308786,-9.98419999997946e-06,-0.030934264062308703,-0.030924279862308723
533,fake_lima,2,5,0.816639912046,0.8372617381755932,0.8166489188,0.8475732026615396,-0.02062182612959329,-9.006754000062678e-06,-0.03093329061553962,0.020612819375593228,-0.010311464485946331,-0.03092428386153956
534,fake_lima,2,6,0.816639912046,0.837485136221226,,,-0.02084522417522605,,,,,
535,fake_london,0,2,0.841186152632,0.8411805904,,0.841187151781,5.562231999989287e-06,,-9.99148999980548e-07,,-6.561380999969835e-06,
536,fake_london,0,3,0.841186152632,0.841189002205904,0.841189002205904,0.841187151781,-2.8495739039513523e-06,-2.8495739039513523e-06,-9.99148999980548e-07,0.0,1.8504249039708043e-06,1.8504249039708043e-06
537,fake_london,0,4,0.841186152632,0.8411974140959261,0.8411973969155343,0.8523703765291952,-1.1261463926048876e-05,-1.124428353427298e-05,-0.0111842238971952,1.7180391775895032e-08,-0.011172962433269151,-0.011172979613660927
538,fake_london,0,5,0.841186152632,0.8440084821458339,0.841205826070067,0.8523703822944219,-0.0028223295138338766,-1.9673438066969418e-05,-0.01118422966242183,0.0028026560757669072,-0.008361900148587953,-0.01116455622435486
539,fake_london,0,6,0.841186152632,0.8450186255646769,,,-0.003832472932676856,,,,,
540,fake_london,1,2,0.736516940141,0.7365025889,,0.736516940141,1.4351241000021275e-05,,0.0,,-1.4351241000021275e-05,
541,fake_london,1,3,0.736517940142,0.736509953925889,0.736519946325812,0.736516940141,7.986216110977828e-06,-2.0061838119644904e-06,1.000001000006634e-06,-9.992399922942319e-06,-6.9862151109711945e-06,3.0061848119711243e-06
542,fake_london,1,4,0.8153067342345908,0.8153024642606469,0.7365273075254273,0.8016885559759626,4.269973943871186e-06,0.07877942670916349,0.01361817825862821,0.07877515673521962,0.01361390828468434,-0.06516124845053528
543,fake_london,1,5,0.8153067342345908,0.8368115813924802,0.7479535040666112,0.801688623381815,-0.021504847157889473,0.06735323016797956,0.013618110852775756,0.08885807732586903,0.03512295801066523,-0.053735119315203805
544,fake_london,1,6,0.8153067342345908,0.8443113931219897,,,-0.029004658887398893,,,,,
545,fake_london,2,2,0.841186152632,0.8411805904,,0.841187151781,5.562231999989287e-06,,-9.99148999980548e-07,,-6.561380999969835e-06,
546,fake_london,2,3,0.84118815093,0.841189002205904,0.841188993605818,0.841187151781,-8.512759039902562e-07,-8.426758180135607e-07,9.99148999980548e-07,8.600085976695482e-09,1.8504249039708043e-06,1.8418248179941088e-06
547,fake_london,2,4,0.84118815093,0.8411974140959261,0.8411974140959261,0.8523703765291952,-9.26316592608778e-06,-9.26316592608778e-06,-0.011182225599195239,0.0,-0.011172962433269151,-0.011172962433269151
548,fake_london,2,5,0.84118815093,0.8420513710225827,0.841205817469809,0.8523703822944219,-0.0008632200925826616,-1.766653980905808e-05,-0.011182231364421868,0.0008455535527736036,-0.010319011271839207,-0.01116456482461281
549,fake_london,2,6,0.84118815093,0.8421910427562647,,,-0.0010028918262646735,,,,,
550,fake_manhattan,0,2,0.845110348263,0.8451030512,,0.845109349372,7.297063000066828e-06,,9.988910000258144e-07,,-6.2981720000410135e-06,
551,fake_manhattan,0,3,0.845111347154,0.8451030512,0.8451130456,0.8451103170976008,8.295954000092642e-06,-1.6984459999536128e-06,1.0300563992871048e-06,-9.994400000046255e-06,-7.265897600805538e-06,2.7285023992407176e-06
552,fake_manhattan,0,4,0.845111347154,0.8451030512,0.8451130456,0.8528890981711537,8.295954000092642e-06,-1.6984459999536128e-06,-0.007777751017153611,-9.994400000046255e-06,-0.007786046971153704,-0.007776052571153658
553,fake_manhattan,0,5,0.845111347154,0.8489792751291856,0.8451130456,0.852889119983766,-0.0038679279751855367,-1.6984459999536128e-06,-0.007777772829765994,0.003866229529185583,-0.003909844854580458,-0.007776074383766041
554,fake_manhattan,0,6,0.845111347154,0.8491258870927731,,,-0.0040145399387730984,,,,,
555,fake_manhattan,1,2,0.832868854458,0.8328600536,,0.832868852499,8.80085799992436e-06,,1.9589999622482424e-09,,-8.798898999962113e-06,
556,fake_manhattan,1,3,0.832868854458,0.8328600536,0.832861724899464,0.832868852499,8.80085799992436e-06,7.129558535989844e-06,1.9589999622482424e-09,-1.6712994639345169e-06,-8.798898999962113e-06,-7.127599536027596e-06
557,fake_manhattan,1,4,0.832868854458,0.8328600536,0.832861724899464,0.8506095813863245,8.80085799992436e-06,7.129558535989844e-06,-0.017740726928324513,-1.6712994639345169e-06,-0.017749527786324437,-0.017747856486860503
558,fake_manhattan,1,5,0.832868854458,0.8328600536,0.832861724899464,0.8506096000844827,8.80085799992436e-06,7.129558535989844e-06,-0.017740745626482757,-1.6712994639345169e-06,-0.01774954648448268,-0.017747875185018747
559,fake_manhattan,1,6,0.832868854458,0.8328600536,,,8.80085799992436e-06,,,,,
560,fake_manhattan,2,2,0.84273780818,0.8427357488,,0.84273780818,2.059379999974631e-06,,0.0,,-2.059379999974631e-06,
561,fake_manhattan,2,3,0.84273780818,0.8427357488,0.842737306942656,0.8427380310599312,2.059379999974631e-06,5.012373439639006e-07,-2.2287993117764415e-07,-1.5581426560107303e-06,-2.282259931152275e-06,-7.241172751415448e-07
562,fake_manhattan,2,4,0.84273780818,0.8427357488,0.842737306942656,0.8525998590764039,2.059379999974631e-06,5.012373439639006e-07,-0.009862050896403907,-1.5581426560107303e-06,-0.009864110276403881,-0.00986255213374787
563,fake_manhattan,2,5,0.84273780818,0.8467826116111274,0.842737306942656,0.8525998654894797,-0.004044803431127453,5.012373439639006e-07,-0.009862057309479755,0.004045304668471417,-0.005817253878352302,-0.009862558546823719
564,fake_manhattan,2,6,0.84273780818,0.8468547694771026,,,-0.004116961297102595,,,,,
565,fake_manhattan,3,2,0.83282017177,0.8328233384,,0.83282017177,-3.166629999995507e-06,,0.0,,3.166629999995507e-06,
566,fake_manhattan,3,3,0.83282017177,0.8328233384,0.8328233384,0.8328208818811528,-3.166629999995507e-06,-3.166629999995507e-06,-7.101111527685333e-07,0.0,2.456518847226974e-06,2.456518847226974e-06
567,fake_manhattan,3,4,0.8418799766922727,0.8418924330703663,0.8328233384,0.8513137007489548,-1.2456378093661513e-05,0.009056638292272656,-0.009433724056682191,0.009069094670366318,-0.00942126767858853,-0.018490362348954847
568,fake_manhattan,3,5,0.8418799766922727,0.8459845442970331,0.8328233384,0.8513137402056278,-0.004104567604760412,0.009056638292272656,-0.00943376351335512,0.013161205897033068,-0.005329195908594708,-0.018490401805627776
569,fake_manhattan,3,6,0.8418799766922727,0.8461948243017302,,,-0.0043148476094575505,,,,,
570,fake_manhattan,4,2,0.832821171771,0.8328233384,,0.83282017177,-2.1666289999888733e-06,,1.000001000006634e-06,,3.166629999995507e-06,
571,fake_manhattan,4,3,0.832821171771,0.832831666633384,0.832849979866464,0.8328208818811528,-1.0494862384025083e-05,-2.880809546401686e-05,2.8988984723810063e-07,-1.8313233079991775e-05,1.0784752231263184e-05,2.909798531125496e-05
572,fake_manhattan,4,4,0.832821171771,0.8328399949500503,0.8328666356797894,0.8513137007489548,-1.8823179050331262e-05,-4.546390878934492e-05,-0.018492528977954836,-2.6640729739013658e-05,-0.018473705798904505,-0.01844706506916549
573,fake_manhattan,4,5,0.832821171771,0.8328483233499998,0.8328832941987987,0.8513137402056278,-2.715157899979559e-05,-6.212242779868316e-05,-0.018492568434627765,-3.4970848798887566e-05,-0.01846541685562797,-0.018430446006829082
574,fake_manhattan,4,6,0.832821171771,0.8328566518332333,,,-3.548006223330624e-05,,,,,
575,fake_manhattan,5,2,0.832704859756,0.8326965488,,0.832704858712,8.310955999957237e-06,,1.0439999975631054e-09,,-8.309911999959674e-06,
576,fake_manhattan,5,3,0.832704859756,0.832704875765488,0.832713202730976,0.832704858712,-1.6009488068569055e-08,-8.342974976094375e-06,1.0439999975631054e-09,-8.326965488025806e-06,1.705348806613216e-08,8.344018976091938e-06
577,fake_manhattan,5,4,0.832704859756,0.8327132028142457,0.8327215298630033,0.8511280367034544,-8.343058245707802e-06,-1.6670107003347034e-05,-0.018423176947454434,-8.327048757639233e-06,-0.018414833889208726,-0.018406506840451087
578,fake_manhattan,5,5,0.832704859756,0.8327215299462738,0.8327465115921705,0.8511280510986521,-1.667019027384864e-05,-4.1651836170553125e-05,-0.018423191342652134,-2.4981645896704485e-05,-0.018406521152378286,-0.01838153950648158
579,fake_manhattan,5,6,0.832704859756,0.8327298571615732,,,-2.499740557326824e-05,,,,,
580,fake_manila,0,2,0.843080820968,0.8430847018,,0.843079821392,-3.880831999980572e-06,,9.995759999714693e-07,,4.880407999952041e-06,
581,fake_manila,0,3,0.843080820968,0.8430847018,0.8430847018,0.843079821392,-3.880831999980572e-06,-3.880831999980572e-06,9.995759999714693e-07,0.0,4.880407999952041e-06,4.880407999952041e-06
582,fake_manila,0,4,0.843080820968,0.8430847018,0.8430847018,0.8528179120613492,-3.880831999980572e-06,-3.880831999980572e-06,-0.009737091093349193,0.0,-0.009733210261349212,-0.009733210261349212
583,fake_manila,0,5,0.843080820968,0.8430847018,0.8430847018,0.8528179166898985,-3.880831999980572e-06,-3.880831999980572e-06,-0.009737095721898514,0.0,-0.009733214889898534,-0.009733214889898534
584,fake_manila,0,6,0.843080820968,0.8447150491867172,,,-0.0016342282187172819,,,,,
585,fake_manila,1,2,0.837537909376,0.8375458494,,0.837537909376,-7.94002399995275e-06,,0.0,,7.94002399995275e-06,
586,fake_manila,1,3,0.837537909376,0.8375458494,0.8375458494,0.8375382436510336,-7.94002399995275e-06,-7.94002399995275e-06,-3.3427503354221955e-07,0.0,7.6057489664105304e-06,7.6057489664105304e-06
587,fake_manila,1,4,0.837537909376,0.8375458494,0.8375458494,0.8519986309682708,-7.94002399995275e-06,-7.94002399995275e-06,-0.014460721592270742,0.0,-0.01445278156827079,-0.01445278156827079
588,fake_manila,1,5,0.837537909376,0.8375458494,0.8375458494,0.8519986452888739,-7.94002399995275e-06,-7.94002399995275e-06,-0.01446073591287389,0.0,-0.014452795888873937,-0.014452795888873937
589,fake_manila,1,6,0.837537909376,0.8418385239314147,,,-0.004300614555414639,,,,,
590,fake_manila,2,2,0.839920831878,0.8399166462,,0.839919832585,4.185678000090398e-06,,9.992930000146671e-07,,-3.186385000075731e-06,
591,fake_manila,2,3,0.839920831878,0.839925045366462,0.839933444532924,0.839919832585,-4.213488461912718e-06,-1.2612654923915834e-05,9.992930000146671e-07,-8.399166462003116e-06,5.212781461927385e-06,1.36119479239305e-05
592,fake_manila,2,4,0.8402799219695107,0.8402591376478679,0.8399418438673694,0.8523294634153737,2.0784321642874914e-05,0.00033807810214137035,-0.01204954144586301,0.00031729378049849544,-0.012070325767505885,-0.01238761954800438
593,fake_manila,2,5,0.8402799219695107,0.849832256642685,0.8399670422066787,0.8523294665433347,-0.00955233467317429,0.0003128797628320079,-0.012049544573824011,0.009865214436006298,-0.0024972099006497217,-0.01236242433665602
594,fake_manila,2,6,0.8402799219695107,0.8499241680422017,,,-0.009644246072690987,,,,,
595,fake_melbourne,0,2,0.823623485237,0.8236168566,,0.823623486575,6.628637000072324e-06,,-1.3379999330709325e-09,,-6.629975000005395e-06,
596,fake_melbourne,0,3,0.823623485237,0.8236168566,0.823618620131436,0.823623486575,6.628637000072324e-06,4.8651055639670204e-06,-1.3379999330709325e-09,-1.7635314361053034e-06,-6.629975000005395e-06,-4.866443563900091e-06
597,fake_melbourne,0,4,0.823623485237,0.8236168566,0.823618620131436,0.8491319052525653,6.628637000072324e-06,4.8651055639670204e-06,-0.025508420015565303,-1.7635314361053034e-06,-0.025515048652565375,-0.02551328512112927
598,fake_melbourne,0,5,0.823623485237,0.8428602958380242,0.823618620131436,0.849131907477249,-0.019236810601024223,4.8651055639670204e-06,-0.025508422240248962,0.01924167570658819,-0.006271611639224739,-0.02551328734581293
599,fake_melbourne,0,6,0.823623485237,0.8431417695840661,,,-0.01951828434706604,,,,,
600,fake_melbourne,1,2,0.793004795906,0.7930143703,,0.793003799059,-9.574393999955966e-06,,9.968470000565333e-07,,1.0571241000012499e-05,
601,fake_melbourne,1,3,0.793004795906,0.7930143703,0.7930143703,0.793003999784986,-9.574393999955966e-06,-9.574393999955966e-06,7.961210140017272e-07,0.0,1.0370515013957693e-05,1.0370515013957693e-05
602,fake_melbourne,1,4,0.8216509034553616,0.8216923580414591,0.7930143703,0.837605547974345,-4.145458609750019e-05,0.028636533155361632,-0.01595464451898343,0.028677987741459132,-0.01591318993288593,-0.04459117767434506
603,fake_melbourne,1,5,0.8216509034553616,0.836308437554105,0.7930143703,0.8376055785292561,-0.014657534098743374,0.028636533155361632,-0.015954675073894475,0.043294067254105006,-0.001297140975151101,-0.04459120822925611
604,fake_melbourne,1,6,0.8216509034553616,0.838329615188974,,,-0.01667871173361235,,,,,
605,fake_melbourne,2,2,0.809204345235,0.809169363,,0.809205339674,3.4982234999980655e-05,,-9.944390000349301e-07,,-3.5976674000015585e-05,
606,fake_melbourne,2,3,0.809206339674,0.809169363,0.809187454193624,0.809205339674,3.697667400004434e-05,1.8885480375985253e-05,1.0000000000287557e-06,-1.8091193624059088e-05,-3.5976674000015585e-05,-1.7885480375956497e-05
607,fake_melbourne,2,4,0.809206339674,0.809169363,0.809187454193624,0.842882747089791,3.697667400004434e-05,1.8885480375985253e-05,-0.03367640741579103,-1.8091193624059088e-05,-0.033713384089791076,-0.03369529289616702
608,fake_melbourne,2,5,0.809206339674,0.809169363,0.8092036380236266,0.8428827862304895,3.697667400004434e-05,2.7016503734156316e-06,-0.03367644655648949,-3.427502362662871e-05,-0.033713423230489536,-0.03367914820686291
609,fake_melbourne,2,6,0.809206339674,0.809169363,,,3.697667400004434e-05,,,,,
610,fake_melbourne,3,2,0.823623486575,0.8236168566,,0.823623486575,6.629975000005395e-06,,0.0,,-6.629975000005395e-06,
611,fake_melbourne,3,3,0.8236244839,0.8236168566,0.82362683,0.823623486575,7.6273000000348645e-06,-2.3461000000501997e-06,9.973250000294698e-07,-9.973400000085064e-06,-6.629975000005395e-06,3.3434250000796695e-06
612,fake_melbourne,3,4,0.8236244839,0.8236168566,0.82362683,0.8491319052525653,7.6273000000348645e-06,-2.3461000000501997e-06,-0.02550742135256534,-9.973400000085064e-06,-0.025515048652565375,-0.02550507525256529
613,fake_melbourne,3,5,0.8236244839,0.8236168566,0.82362683,0.849131907477249,7.6273000000348645e-06,-2.3461000000501997e-06,-0.025507423577249,-9.973400000085064e-06,-0.025515050877249035,-0.02550507747724895
614,fake_melbourne,3,6,0.8236244839,0.8236168566,,,7.6273000000348645e-06,,,,,
615,fake_melbourne,4,2,0.831334671452,0.8313197168,,0.83133367448,1.4954651999965485e-05,,9.969720000668758e-07,,-1.3957679999898609e-05,
616,fake_melbourne,4,3,0.831334671452,0.8313197168,0.8313297168,0.83133443217872,1.4954651999965485e-05,4.954652000010995e-06,2.392732799672004e-07,-9.99999999995449e-06,-1.4715378719998284e-05,-4.715378720043795e-06
617,fake_melbourne,4,4,0.831334671452,0.8313197168,0.8313463103322489,0.850618052033456,1.4954651999965485e-05,-1.16388802489098e-05,-0.019283380581455956,-2.6593532248875285e-05,-0.01929833523345592,-0.019271741701207046
618,fake_melbourne,4,5,0.831334671452,0.8313197168,0.8313463103322489,0.8506180961315215,1.4954651999965485e-05,-1.16388802489098e-05,-0.019283424679521488,-2.6593532248875285e-05,-0.019298379331521454,-0.01927178579927258
619,fake_melbourne,4,6,0.831334671452,0.8313197168,,,1.4954651999965485e-05,,,,,
620,fake_melbourne,5,2,0.826992987957,0.8269801938,,0.82699199197,1.2794157000062256e-05,,9.959870000963988e-07,,-1.1798169999965857e-05,
621,fake_melbourne,5,3,0.826992987957,0.8269801938,0.8269901536,0.8269922353892228,1.2794157000062256e-05,2.834356999992238e-06,7.525677772068917e-07,-9.959800000070018e-06,-1.2041589222855364e-05,-2.0817892227853463e-06
622,fake_melbourne,5,4,0.826992987957,0.8269801938,0.8269901536,0.8495060019936991,1.2794157000062256e-05,2.834356999992238e-06,-0.02251301403669903,-9.959800000070018e-06,-0.022525808193699093,-0.022515848393699023
623,fake_melbourne,5,5,0.826992987957,0.8417695440442832,0.8269901536,0.8495060187533608,-0.014776556087283121,2.834356999992238e-06,-0.0225130307963608,0.014779390444283114,-0.007736474709077679,-0.022515865153360792
624,fake_melbourne,5,6,0.826992987957,0.8421448869304355,,,-0.015151898973435496,,,,,
625,fake_montreal,0,2,0.825262782065,0.825247005,,0.825261782064,1.577706499999998e-05,,1.000001000006634e-06,,-1.4777063999993345e-05,
626,fake_montreal,0,3,0.825262782065,0.825247005,0.825247005,0.8252623047967824,1.577706499999998e-05,1.577706499999998e-05,4.772682176135135e-07,0.0,-1.5299796782386466e-05,-1.5299796782386466e-05
627,fake_montreal,0,4,0.825262782065,0.825247005,0.825247005,0.8500028748720883,1.577706499999998e-05,1.577706499999998e-05,-0.02474009280708822,0.0,-0.02475586987208822,-0.02475586987208822
628,fake_montreal,0,5,0.825262782065,0.8374202698216766,0.825247005,0.8500029146330673,-0.012157487756676577,1.577706499999998e-05,-0.024740132568067286,0.012173264821676577,-0.012582644811390709,-0.024755909633067286
629,fake_montreal,0,6,0.825262782065,0.840899303352814,,,-0.01563652128781401,,,,,
630,fake_montreal,1,2,0.830106516758,0.8300961786,,0.830106516758,1.0338158000000597e-05,,0.0,,-1.0338158000000597e-05,
631,fake_montreal,1,3,0.830106516758,0.8300961786,0.8301061784,0.830106516758,1.0338158000000597e-05,3.3835799995163285e-07,0.0,-9.999800000048964e-06,-1.0338158000000597e-05,-3.3835799995163285e-07
632,fake_montreal,1,4,0.8449400318398144,0.844904842949202,0.8301061784,0.8509891579189732,3.518889061238095e-05,0.01483385343981436,-0.006049126079158862,0.014798664549201979,-0.006084314969771243,-0.02088297951897322
633,fake_montreal,1,5,0.8449400318398144,0.8495152253525724,0.8301061784,0.8509891694907646,-0.004575193512758036,0.01483385343981436,-0.006049137650950276,0.019409046952572395,-0.0014739441381922402,-0.020882991090764635
634,fake_montreal,1,6,0.8449400318398144,0.8497678061004161,,,-0.004827774260601769,,,,,
635,fake_montreal,2,2,0.827291464484,0.827285504,,0.82729246289,5.960484000033794e-06,,-9.984059999856854e-07,,-6.95889000001948e-06,
636,fake_montreal,2,3,0.827291464484,0.827285504,0.827295488,0.82729246289,5.960484000033794e-06,-4.023515999929117e-06,-9.984059999856854e-07,-9.983999999962911e-06,-6.95889000001948e-06,3.0251099999434317e-06
637,fake_montreal,2,4,0.827291464484,0.827285504,0.827295488,0.8502513979946201,5.960484000033794e-06,-4.023515999929117e-06,-0.02295993351062009,-9.983999999962911e-06,-0.022965893994620123,-0.02295590999462016
638,fake_montreal,2,5,0.827291464484,0.835546226044823,0.827295488,0.8502514210512155,-0.008254761560822943,-4.023515999929117e-06,-0.0229599565672155,0.008250738044823014,-0.014705195006392557,-0.02295593305121557
639,fake_montreal,2,6,0.827291464484,0.8360780260074357,,,-0.00878656152343571,,,,,
640,fake_montreal,3,2,0.846317044512,0.8463249656,,0.846317044512,-7.921088000073517e-06,,0.0,,7.921088000073517e-06,
641,fake_montreal,3,3,0.8463170454,0.8463249656,0.84632497,0.8463173858090008,-7.920200000066657e-06,-7.924599999986626e-06,-3.40409000876285e-07,-4.3999999199684225e-09,7.579790999190372e-06,7.584190999110341e-06
642,fake_montreal,3,4,0.8463170454,0.8463249656,0.84632497,0.8530386695995661,-7.920200000066657e-06,-7.924599999986626e-06,-0.006721624199566123,-4.3999999199684225e-09,-0.006713703999566056,-0.006713699599566136
643,fake_montreal,3,5,0.8463170454,0.8496252184956444,0.84632497,0.853038676223431,-0.003308173095644462,-7.924599999986626e-06,-0.006721630823431024,0.0033002484956444755,-0.003413457727786562,-0.006713706223431037
644,fake_montreal,3,6,0.8463170454,0.8496518478982561,,,-0.0033348024982561286,,,,,
645,fake_montreal,4,2,0.837431917956,0.837437667,,0.837431917956,-5.749043999969672e-06,,0.0,,5.749043999969672e-06,
646,fake_montreal,4,3,0.837433917958,0.837437667,0.83743927352352,0.8374322521255716,-3.749041999956404e-06,-5.355565519948868e-06,1.6658324284435366e-06,-1.6065235199924643e-06,5.414874428399941e-06,7.021397948392405e-06
647,fake_montreal,4,4,0.837433917958,0.837437667,0.83743927352352,0.8518880772673126,-3.749041999956404e-06,-5.355565519948868e-06,-0.014454159309312598,-1.6065235199924643e-06,-0.014450410267312641,-0.014448803743792649
648,fake_montreal,4,5,0.837433917958,0.8399719853518324,0.83743927352352,0.8518880915833977,-0.002538067393832333,-5.355565519948868e-06,-0.014454173625397693,0.002532711828312384,-0.01191610623156536,-0.014448818059877744
649,fake_montreal,4,6,0.837433917958,0.8445345023697183,,,-0.007100584411718236,,,,,
650,fake_montreal,5,2,0.846317044956,0.8463249656,,0.846317044512,-7.920644000014576e-06,,4.440000589411852e-10,,7.921088000073517e-06,
651,fake_montreal,5,3,0.846317044956,0.846333428849656,0.846343420149568,0.8463173858090008,-1.6383893655991244e-05,-2.6375193567962363e-05,-3.408530008242039e-07,-9.991299911971119e-06,1.604304065516704e-05,2.603434056713816e-05
652,fake_montreal,5,4,0.846317044956,0.8463418921839445,0.8463688053426289,0.8530386695995661,-2.4847227944491124e-05,-5.176038662890736e-05,-0.006721624643566071,-2.691315868441624e-05,-0.00669677741562158,-0.0066698642569371636
653,fake_montreal,5,5,0.846317044956,0.8503858435722466,0.8463772664355673,0.853038676223431,-0.004068798616246538,-6.022147956730173e-05,-0.006721631267430972,0.004008577136679237,-0.0026528326511844336,-0.00666140978786367
654,fake_montreal,5,6,0.846317044956,0.8504441010111307,,,-0.00412705605513064,,,,,
655,fake_mumbai,0,2,0.841050815458,0.8410454378,,0.841050815955,5.377658000016439e-06,,-4.969999967130434e-10,,-5.378155000013152e-06,
656,fake_mumbai,0,3,0.841050815458,0.8410454378,0.841055428,0.841050815955,5.377658000016439e-06,-4.612542000015374e-06,-4.969999967130434e-10,-9.990200000031813e-06,-5.378155000013152e-06,4.612045000018661e-06
657,fake_mumbai,0,4,0.841050815458,0.8410454378,0.841055428,0.8525809650033117,5.377658000016439e-06,-4.612542000015374e-06,-0.01153014954531173,-9.990200000031813e-06,-0.011535527203311746,-0.011525537003311714
658,fake_mumbai,0,5,0.841050815458,0.8413996261246955,0.841055428,0.8525809687725661,-0.0003488106666955648,-4.612542000015374e-06,-0.011530153314566083,0.00034419812469554945,-0.011181342647870518,-0.011525540772566067
659,fake_mumbai,0,6,0.841050815458,0.8467572750629706,,,-0.005706459604970626,,,,,
660,fake_mumbai,1,2,0.838675919543,0.8386728848,,0.83867492042,3.0347430000077225e-06,,9.991230000006013e-07,,-2.035620000007121e-06,
661,fake_mumbai,1,3,0.838675919543,0.8386728848,0.8386828672,0.8386753380861264,3.0347430000077225e-06,-6.947656999933827e-06,5.814568736495218e-07,-9.982399999941549e-06,-2.4532861263582006e-06,7.5291138735833485e-06
662,fake_mumbai,1,4,0.838675919543,0.8386728848,0.8386828672,0.852081419042038,3.0347430000077225e-06,-6.947656999933827e-06,-0.01340549949903802,-9.982399999941549e-06,-0.013408534242038028,-0.013398551842038087
663,fake_mumbai,1,5,0.838675919543,0.8386728848,0.8386828672,0.8520814355749006,3.0347430000077225e-06,-6.947656999933827e-06,-0.013405516031900544,-9.982399999941549e-06,-0.013408550774900552,-0.01339856837490061
664,fake_mumbai,1,6,0.838675919543,0.8386728848,,,3.0347430000077225e-06,,,,,
665,fake_mumbai,2,2,0.831941710559,0.8319408918,,0.831942710173,8.187590000430234e-07,,-9.996140000190223e-07,,-1.8183730000620457e-06,
666,fake_mumbai,2,3,0.831941710946,0.831949211208918,0.83195920350884,0.831942710173,-7.5002629179588e-06,-1.7492562840004666e-05,-9.992270000314107e-07,-9.992299922045866e-06,6.501035917927389e-06,1.6493335839973255e-05
667,fake_mumbai,2,4,0.8380240695343146,0.8380373019253403,0.8319841587715239,0.8513859297854445,-1.3232391025685963e-05,0.006039910762790757,-0.013361860251129842,0.006053143153816443,-0.013348627860104156,-0.0194017710139206
668,fake_mumbai,2,5,0.8380240695343146,0.8500876148616824,0.8319924768157384,0.851385947379755,-0.012063545327367753,0.006031592718576229,-0.013361877845440406,0.01809513804594398,-0.0012983325180726535,-0.019393470564016635
669,fake_mumbai,2,6,0.8380240695343146,0.8504017623336074,,,-0.012377692799292794,,,,,
670,fake_mumbai,3,2,0.826919705067,0.8269006818,,0.82691870568,1.9023266999984578e-05,,9.99386999933627e-07,,-1.802388000005095e-05,
671,fake_mumbai,3,3,0.826919705067,0.8269006818,0.8269106696,0.8269189985205369,1.9023266999984578e-05,9.035466999929298e-06,7.065464631139662e-07,-9.98780000005528e-06,-1.8316720536870612e-05,-8.328920536815332e-06
672,fake_mumbai,3,4,0.8405896467959982,0.8405982532586131,0.8269106696,0.8502764181306228,-8.606462614912935e-06,0.013678977195998199,-0.009686771334624589,0.013687583658613112,-0.009678164872009676,-0.023365748530622787
673,fake_mumbai,3,5,0.8405896467959982,0.8496283578570398,0.8269106696,0.8502764390532533,-0.009038711061041593,0.013678977195998199,-0.009686792257255106,0.022717688257039792,-0.0006480811962135125,-0.023365769453253304
674,fake_mumbai,3,6,0.8405896467959982,0.8501019529436166,,,-0.009512306147618332,,,,,
675,fake_mumbai,4,2,0.840980727423,0.8409655162,,0.840981726926,1.52112229999668e-05,,-9.995030000320426e-07,,-1.6210725999998843e-05,
676,fake_mumbai,4,3,0.840982726926,0.8409655162,0.840975516,0.840981726926,1.7210725999916576e-05,7.210925999978635e-06,9.999999999177334e-07,-9.999799999937942e-06,-1.6210725999998843e-05,-6.210926000060901e-06
677,fake_mumbai,4,4,0.840982726926,0.8409655162,0.840975516,0.8525746569637335,1.7210725999916576e-05,7.210925999978635e-06,-0.011591930037733511,-9.999799999937942e-06,-0.011609140763733428,-0.01159914096373349
678,fake_mumbai,4,5,0.840982726926,0.8415821357257288,0.840975516,0.8525746728232164,-0.0005994087997288622,7.210925999978635e-06,-0.01159194589721646,0.0006066197257288408,-0.010992537097487598,-0.011599156823216439
679,fake_mumbai,4,6,0.840982726926,0.8469394673803535,,,-0.005956740454353571,,,,,
680,fake_nairobi,0,2,0.83723373488,0.8372327802,,0.83723373488,9.54679999942698e-07,,0.0,,-9.54679999942698e-07,
681,fake_nairobi,0,3,0.83723373488,0.8372327802,0.837236018744724,0.83723373488,9.54679999942698e-07,-2.2838647240064347e-06,0.0,-3.2385447239491327e-06,-9.54679999942698e-07,2.2838647240064347e-06
682,fake_nairobi,0,4,0.83723373488,0.8372327802,0.837236018744724,0.8519384904845326,9.54679999942698e-07,-2.2838647240064347e-06,-0.01470475560453266,-3.2385447239491327e-06,-0.014705710284532603,-0.014702471739808654
683,fake_nairobi,0,5,0.83723373488,0.8489378468577965,0.837236018744724,0.8519385005801267,-0.011704111977796527,-2.2838647240064347e-06,-0.014704765700126687,0.011701828113072521,-0.00300065372233016,-0.014702481835402681
684,fake_nairobi,0,6,0.83723373488,0.8490533206989078,,,-0.011819585818907852,,,,,
685,fake_nairobi,1,2,0.839889697375,0.8398910946,,0.839889697375,-1.397225000032698e-06,,0.0,,1.397225000032698e-06,
686,fake_nairobi,1,3,0.83989069525,0.839899493510946,0.839917871221464,0.839889697375,-8.798260945908076e-06,-2.717597146395523e-05,9.97875000074977e-07,-1.8377710518047152e-05,9.796135945983053e-06,2.8173846464030206e-05
687,fake_nairobi,1,4,0.83989069525,0.8399078925058812,0.8399346743931927,0.8521019512968822,-1.7197255881118423e-05,-4.3979143192651726e-05,-0.012211256046882113,-2.6781887311533303e-05,-0.012194058791000995,-0.012167276903689461
688,fake_nairobi,1,5,0.83989069525,0.8485662169055778,0.83995146827228,0.8521019520103742,-0.008675521655577723,-6.07730222799141e-05,-0.012211256760374156,0.008614748633297808,-0.0035357351047964336,-0.012150483738094242
689,fake_nairobi,1,6,0.83989069525,0.8486308501691091,,,-0.008740154919109067,,,,,
690,fake_nairobi,2,2,0.837232735696,0.8372327802,,0.83723373488,-4.450400004074595e-08,,-9.99183999983444e-07,,-9.54679999942698e-07,
691,fake_nairobi,2,3,0.837232736512,0.837241152527802,0.83725113642764,0.83723373488,-8.416015801926413e-06,-1.8399915640010533e-05,-9.983679999381323e-07,-9.98389983808412e-06,7.417647801988281e-06,1.74015476400724e-05
692,fake_nairobi,2,4,0.837232736512,0.8372495249393272,0.8372762372864267,0.8519384904845326,-1.678842732721897e-05,-4.350077442671907e-05,-0.014705753972532598,-2.67123470995001e-05,-0.014688965545205379,-0.014662253198105879
693,fake_nairobi,2,5,0.837232736512,0.8460431124238595,0.8372846016902273,0.8519385005801267,-0.008810375911859514,-5.1865178227306075e-05,-0.014705764068126626,0.008758510733632208,-0.005895388156267112,-0.01465389888989932
694,fake_nairobi,2,6,0.837232736512,0.8460677622184979,,,-0.008835025706497857,,,,,
695,fake_nairobi,3,2,0.81204612093,0.8120462026,,0.812045122515,-8.167000009606795e-08,,9.984149998976122e-07,,1.0800849999936801e-06,
696,fake_nairobi,3,3,0.81204612093,0.8120462026,0.8120462026,0.812045122515,-8.167000009606795e-08,-8.167000009606795e-08,9.984149998976122e-07,0.0,1.0800849999936801e-06,1.0800849999936801e-06
697,fake_nairobi,3,4,0.8350588015838383,0.8351145111991515,0.8120462026,0.8461428240130391,-5.5709615313204175e-05,0.02301259898383823,-0.011084022429200813,0.023068308599151433,-0.011028312813887609,-0.03409662141303904
698,fake_nairobi,3,5,0.8350588015838383,0.8471546005658444,0.8120462026,0.8461428320863505,-0.012095798982006079,0.02301259898383823,-0.011084030502512277,0.03510839796584431,0.001011768479493802,-0.034096629486350505
699,fake_nairobi,3,6,0.8350588015838383,0.8482420394382568,,,-0.01318323785441855,,,,,
700,fake_oslo,0,2,0.846060741293,0.846067899,,0.846060741293,-7.1577069999939624e-06,,0.0,,7.1577069999939624e-06,
701,fake_oslo,0,3,0.846060741293,0.846067899,0.846067899,0.846060741293,-7.1577069999939624e-06,-7.1577069999939624e-06,0.0,0.0,7.1577069999939624e-06,7.1577069999939624e-06
702,fake_oslo,0,4,0.846060741293,0.846067899,0.846067899,0.8528445700418817,-7.1577069999939624e-06,-7.1577069999939624e-06,-0.006783828748881726,0.0,-0.006776671041881732,-0.006776671041881732
703,fake_oslo,0,5,0.846060741293,0.8495155748212906,0.846067899,0.8528445734618373,-0.0034548335282905684,-7.1577069999939624e-06,-0.006783832168837267,0.0034476758212905745,-0.0033289986405466987,-0.006776674461837273
704,fake_oslo,0,6,0.846060741293,0.8495737976500498,,,-0.003513056357049793,,,,,
705,fake_oslo,1,2,0.843031399926,0.843017884,,0.843031399926,1.3515925999962874e-05,,0.0,,-1.3515925999962874e-05,
706,fake_oslo,1,3,0.843031399926,0.843017884,0.843027872,0.8430317551003468,1.3515925999962874e-05,3.5279260000020685e-06,-3.5517434682219573e-07,-9.987999999960806e-06,-1.387110034678507e-05,-3.883100346824264e-06
707,fake_oslo,1,4,0.843031399926,0.843017884,0.843027872,0.8527021460607787,1.3515925999962874e-05,3.5279260000020685e-06,-0.009670746134778696,-9.987999999960806e-06,-0.009684262060778659,-0.009674274060778698
708,fake_oslo,1,5,0.843031399926,0.8484118938090277,0.843027872,0.8527021560735057,-0.005380493883027748,3.5279260000020685e-06,-0.009670756147505788,0.00538402180902775,-0.00429026226447804,-0.00967428407350579
709,fake_oslo,1,6,0.843031399926,0.8484233922392149,,,-0.005391992313214966,,,,,
710,fake_oslo,2,2,0.846060741293,0.846067899,,0.846060741293,-7.1577069999939624e-06,,0.0,,7.1577069999939624e-06,
711,fake_oslo,2,3,0.846061739874,0.84607635967899,0.84608482035798,0.846060741293,-1.4619804989957075e-05,-2.3080483980031374e-05,9.98581000000165e-07,-8.4606789900743e-06,1.561838598995724e-05,2.407906498003154e-05
712,fake_oslo,2,4,0.846061739874,0.8460848204425868,0.8460932812061835,0.8528445700418817,-2.3080568586797412e-05,-3.154133218352673e-05,-0.006782830167881726,-8.460763596729315e-06,-0.006759749599294929,-0.006751288835698199
713,fake_oslo,2,5,0.846061739874,0.8475862111105661,0.8461186640892282,0.8528445734618373,-0.0015244712365660718,-5.692421522818236e-05,-0.006782833587837267,0.0014675470213378894,-0.005258362351271195,-0.006725909372609085
714,fake_oslo,2,6,0.846061739874,0.8479742567517956,,,-0.0019125168777955892,,,,,
715,fake_ourense,0,2,0.832243863775,0.8322375416,,0.8322448631,6.322175000073038e-06,,-9.99324999972906e-07,,-7.321500000045944e-06,
716,fake_ourense,0,3,0.8322448631,0.8322375416,0.832247528,0.8322451766761,7.321500000045944e-06,-2.664900000004522e-06,-3.1357609997506586e-07,-9.986400000050466e-06,-7.63507610002101e-06,2.351323900029456e-06
717,fake_ourense,0,4,0.839812669300921,0.839807281315408,0.832247528,0.8512693514147744,5.387985512972371e-06,0.007565141300921008,-0.011456682113853422,0.007559753315408035,-0.011462070099366395,-0.01902182341477443
718,fake_ourense,0,5,0.839812669300921,0.8496728864360295,0.832247528,0.8512693693699851,-0.009860217135108429,0.007565141300921008,-0.011456700069064074,0.017425358436029437,-0.0015964829339556452,-0.019021841369985082
719,fake_ourense,0,6,0.839812669300921,0.8499728530393548,,,-0.010160183738433748,,,,,
720,fake_ourense,1,2,0.83224386445,0.8322375416,,0.8322448631,6.3228500000178656e-06,,-9.986500000280785e-07,,-7.321500000045944e-06,
721,fake_ourense,1,3,0.8322448631,0.8322375416,0.8322375416,0.8322451766761,7.321500000045944e-06,7.321500000045944e-06,-3.1357609997506586e-07,0.0,-7.63507610002101e-06,-7.63507610002101e-06
722,fake_ourense,1,4,0.8322448631,0.8322375416,0.8322375416,0.8512693514147744,7.321500000045944e-06,7.321500000045944e-06,-0.019024488314774435,0.0,-0.01903180981477448,-0.01903180981477448
723,fake_ourense,1,5,0.8322448631,0.8466743044306032,0.8322375416,0.8512693693699851,-0.014429441330603199,7.321500000045944e-06,-0.019024506269985086,0.014436762830603245,-0.004595064939381888,-0.019031827769985132
724,fake_ourense,1,6,0.8322448631,0.8467235084629428,,,-0.014478645362942744,,,,,
725,fake_ourense,2,2,0.814449721405,0.814462379,,0.814449721405,-1.2657594999909705e-05,,0.0,,1.2657594999909705e-05,
726,fake_ourense,2,3,0.814449721405,0.814462379,0.814462387,0.8144497337855195,-1.2657594999909705e-05,-1.2665594999905494e-05,-1.2380519498478293e-08,-7.999999995789153e-09,1.2645214480411227e-05,1.2653214480407016e-05
727,fake_ourense,2,4,0.82807027532029,0.8280960886575778,0.814462387,0.8469128451188581,-2.5813337287794447e-05,0.01360788832029003,-0.018842569798568132,0.013633701657577824,-0.018816756461280337,-0.03245045811885816
728,fake_ourense,2,5,0.82807027532029,0.8473080343849728,0.814462387,0.8469128463969943,-0.019237759064682836,0.01360788832029003,-0.018842571076704284,0.032845647384972865,0.00039518798797855137,-0.03245045939699431
729,fake_ourense,2,6,0.82807027532029,0.8483081110713191,,,-0.02023783575102911,,,,,
730,fake_paris,0,2,0.829577539279,0.829577077,,0.829576539824,4.622789999686461e-07,,9.994549999836622e-07,,5.371760000150161e-07,
731,fake_paris,0,3,0.829578538734,0.82958537277077,0.82959366854154,0.8295771319772552,-6.834036770042573e-06,-1.5129807540037454e-05,1.4067567447595408e-06,-8.295770769994881e-06,8.240793514802114e-06,1.6536564284796995e-05
732,fake_paris,0,4,0.8405019246133101,0.8404759884509805,0.8296019644782254,0.8508574877435263,2.593616232959839e-05,0.010899960135084652,-0.010355563130216239,0.010874023972755054,-0.010381499292545837,-0.02125552326530089
733,fake_paris,0,5,0.8405019246133101,0.8488549412127389,0.8296268526201191,0.8508575259781987,-0.008353016599428775,0.010875071993190932,-0.010355601364888667,0.019228088592619708,-0.0020025847654598916,-0.0212306733580796
734,fake_paris,0,6,0.8405019246133101,0.8492294942003951,,,-0.008727569587084982,,,,,
735,fake_paris,1,2,0.840455232183,0.840468545,,0.840456231434,-1.3312817000010746e-05,,-9.992509999445787e-07,,1.2313566000066167e-05,
736,fake_paris,1,3,0.840457229936,0.84047694968545,0.840493766656578,0.840456231434,-1.9719749449920165e-05,-3.65367205780176e-05,9.985020000824463e-07,-1.6816971128097435e-05,2.071825145000261e-05,3.753522257810005e-05
737,fake_paris,1,4,0.840457229936,0.8404853544549469,0.840528937935016,0.8523602468975418,-2.8124518946848198e-05,-7.170799901601299e-05,-0.011903016961541724,-4.358348006916479e-05,-0.011874892442594875,-0.01183130896252571
738,fake_paris,1,5,0.840457229936,0.8404937593084914,0.8405441970390218,0.8523602553955948,-3.652937249132293e-05,-8.696710302180666e-05,-0.011903025459594763,-5.0437730530483726e-05,-0.01186649608710344,-0.011816058356572956
739,fake_paris,1,6,0.840457229936,0.8405021642460845,,,-4.493431008445459e-05,,,,,
740,fake_paris,2,2,0.839693365921,0.8396833226,,0.839694365194,1.0043320999963967e-05,,-9.992730000130123e-07,,-1.104259399997698e-05,
741,fake_paris,2,3,0.839693365921,0.8396833226,0.8396833226,0.839694365194,1.0043320999963967e-05,1.0043320999963967e-05,-9.992730000130123e-07,0.0,-1.104259399997698e-05,-1.104259399997698e-05
742,fake_paris,2,4,0.8404359019375388,0.84041721413066,0.8396833226,0.8522918247910949,1.8687806878858737e-05,0.0007525793375388057,-0.011855922853556078,0.0007338915306599469,-0.011874610660434937,-0.012608502191094884
743,fake_paris,2,5,0.8404359019375388,0.8464958011622357,0.8396833226,0.8522918304087973,-0.006059899224696852,0.0007525793375388057,-0.011855928471258492,0.006812478562235658,-0.00579602924656164,-0.012608507808797298
744,fake_paris,2,6,0.8404359019375388,0.8466184110241519,,,-0.006182509086613108,,,,,
745,fake_paris,3,2,0.843958563961,0.843953667,,0.843957564547,4.896961000033784e-06,,9.994140000024743e-07,,-3.8975470000313095e-06,
746,fake_paris,3,3,0.843958563961,0.843953667,0.8439636552,0.843957564547,4.896961000033784e-06,-5.091239000054593e-06,9.994140000024743e-07,-9.988200000088376e-06,-3.8975470000313095e-06,6.090653000057067e-06
747,fake_paris,3,4,0.843958563961,0.843953667,0.8439636552,0.8527838131807991,4.896961000033784e-06,-5.091239000054593e-06,-0.008825249219799103,-9.988200000088376e-06,-0.008830146180799137,-0.008820157980799048
748,fake_paris,3,5,0.843958563961,0.8468963664681387,0.8439636552,0.852783818025228,-0.0029378025071387093,-5.091239000054593e-06,-0.008825254064227961,0.0029327112681386547,-0.005887451557089252,-0.008820162825227906
749,fake_paris,3,6,0.843958563961,0.8469444429893109,,,-0.0029858790283109338,,,,,
750,fake_paris,4,2,0.84178002944,0.8417814118,,0.84178002944,-1.3823600000240077e-06,,0.0,,1.3823600000240077e-06,
751,fake_paris,4,3,0.84178002944,0.8417814118,0.8417814118,0.841780301074432,-1.3823600000240077e-06,-1.3823600000240077e-06,-2.716344320585762e-07,0.0,1.1107255679654315e-06,1.1107255679654315e-06
752,fake_paris,4,4,0.84178002944,0.8417814118,0.8417814118,0.8525422706414387,-1.3823600000240077e-06,-1.3823600000240077e-06,-0.01076224120143876,0.0,-0.010760858841438736,-0.010760858841438736
753,fake_paris,4,5,0.84178002944,0.8417814118,0.8417814118,0.8525422791946637,-1.3823600000240077e-06,-1.3823600000240077e-06,-0.010762249754663777,0.0,-0.010760867394663753,-0.010760867394663753
754,fake_paris,4,6,0.84178002944,0.8417814118,,,-1.3823600000240077e-06,,,,,
755,fake_paris,5,2,0.841984527573,0.8419798883,,0.841984527573,4.639272999984456e-06,,0.0,,-4.639272999984456e-06,
756,fake_paris,5,3,0.841984527573,0.8419798883,0.84198139510185,0.841984527573,4.639272999984456e-06,3.132471150024685e-06,0.0,-1.5068018499597713e-06,-4.639272999984456e-06,-3.132471150024685e-06
757,fake_paris,5,4,0.841984527573,0.8419798883,0.84198139510185,0.8506263328182849,4.639272999984456e-06,3.132471150024685e-06,-0.008641805245284906,-1.5068018499597713e-06,-0.00864644451828489,-0.00864493771643493
758,fake_paris,5,5,0.841984527573,0.8419798883,0.84198139510185,0.850626344820195,4.639272999984456e-06,3.132471150024685e-06,-0.008641817247194927,-1.5068018499597713e-06,-0.008646456520194912,-0.008644949718344952
759,fake_paris,5,6,0.841984527573,0.8419798883,,,4.639272999984456e-06,,,,,
760,fake_perth,0,2,0.832606379015,0.832613713,,0.832605379678,-7.3339849999687345e-06,,9.993370000405122e-07,,8.333322000009247e-06,
761,fake_perth,0,3,0.832606379015,0.832613713,0.832613713,0.832605379678,-7.3339849999687345e-06,-7.3339849999687345e-06,9.993370000405122e-07,0.0,8.333322000009247e-06,8.333322000009247e-06
762,fake_perth,0,4,0.8329966870730964,0.832988708413652,0.832613713,0.8513369755488296,7.978659444352054e-06,0.0003829740730963982,-0.018340288475733213,0.00037499541365204614,-0.018348267135177565,-0.01872326254882961
763,fake_perth,0,5,0.8329966870730964,0.8493494836555083,0.832613713,0.8513369776298325,-0.016352796582411955,0.0003829740730963982,-0.01834029055673614,0.016735770655508353,-0.0019874939743241837,-0.018723264629832537
764,fake_perth,0,6,0.8329966870730964,0.8494745354562022,,,-0.016477848383105842,,,,,
765,fake_perth,1,2,0.831201357213,0.8312027202,,0.83120235635,-1.3629869999309818e-06,,-9.991369999129418e-07,,3.6385000001804e-07,
766,fake_perth,1,3,0.831201358076,0.831211032227202,0.831221032527204,0.83120235635,-9.674151202010428e-06,-1.967445120398814e-05,-9.982739999081502e-07,-1.0000300001977713e-05,8.675877202102278e-06,1.867617720407999e-05
767,fake_perth,1,4,0.831201358076,0.8312193443375243,0.8312459584467012,0.8509751745871491,-1.7986261524272074e-05,-4.460037070119771e-05,-0.019773816511149067,-2.6614109176925638e-05,-0.019755830249624795,-0.01972921614044787
768,fake_perth,1,5,0.831201358076,0.8419007388459164,0.8312542655176198,0.8509752003580477,-0.010699380769916389,-5.290744161978722e-05,-0.019773842282047704,0.010646473328296602,-0.009074461512131315,-0.019720934840427917
769,fake_perth,1,6,0.831201358076,0.8422513856217902,,,-0.011050027545790209,,,,,
770,fake_perth,2,2,0.829974841612,0.829961216,,0.829975840816,1.3625612000023324e-05,,-9.992039999850988e-07,,-1.4624816000008423e-05,
771,fake_perth,2,3,0.829975840816,0.829961216,0.829961216,0.8299761195715136,1.4624816000008423e-05,1.4624816000008423e-05,-2.787555136718467e-07,0.0,-1.490357151368027e-05,-1.490357151368027e-05
772,fake_perth,2,4,0.8315176763518685,0.83150654519808,0.829961216,0.8507891741435456,1.1131153788479509e-05,0.001556460351868516,-0.01927149779167714,0.0015453291980800365,-0.01928262894546562,-0.020827958143545655
773,fake_perth,2,5,0.8315176763518685,0.8476702457265362,0.829961216,0.8507891917259046,-0.01615256937466769,0.001556460351868516,-0.019271515374036152,0.017709029726536207,-0.003118945999368461,-0.02082797572590467
774,fake_perth,2,6,0.8315176763518685,0.8479192398491924,,,-0.016401563497323912,,,,,
775,fake_perth,3,2,0.832605379678,0.832613713,,0.832605379678,-8.333322000009247e-06,,0.0,,8.333322000009247e-06,
776,fake_perth,3,3,0.8326083757,0.83262203913713,0.832640358874128,0.832605379678,-1.3663437129940448e-05,-3.1983174128003e-05,2.9960220000457838e-06,-1.8319736998062552e-05,1.665945912998623e-05,3.4979196128048784e-05
777,fake_perth,3,4,0.8326083757,0.8326303653575213,0.8326486852777167,0.8513369755488296,-2.198965752131521e-05,-4.030957771672394e-05,-0.018728599848829575,-1.8319920195408734e-05,-0.01870661019130826,-0.01868829027111285
778,fake_perth,3,5,0.8326083757,0.8461141344680038,0.8326736648215392,0.8513369776298325,-0.01350575876800375,-6.528912153913602e-05,-0.0187286019298325,0.013440469646464615,-0.00522284316182875,-0.018663312808293364
779,fake_perth,3,6,0.8326083757,0.8465200663028651,,,-0.013911690602865123,,,,,
780,fake_poughkeepsie,0,2,0.822890735955,0.8228831655,,0.822890735955,7.570454999994425e-06,,0.0,,-7.570454999994425e-06,
781,fake_poughkeepsie,0,3,0.822891732976,0.8228831655,0.822894921468495,0.822890735955,8.56747600008756e-06,-3.188492494921036e-06,9.970210000931345e-07,-1.1755968495008595e-05,-7.570454999994425e-06,4.18551349501417e-06
782,fake_poughkeepsie,0,4,0.822891732976,0.8228831655,0.822894921468495,0.8488739083692788,8.56747600008756e-06,-3.188492494921036e-06,-0.02598217539327874,-1.1755968495008595e-05,-0.025990742869278827,-0.025978986900783818
783,fake_poughkeepsie,0,5,0.822891732976,0.8422901572442277,0.822894921468495,0.8488739265017726,-0.019398424268227688,-3.188492494921036e-06,-0.02598219352577258,0.019395235775732766,-0.006583769257544891,-0.025979005033277658
784,fake_poughkeepsie,0,6,0.822891732976,0.8425531572488485,,,-0.01966142427284845,,,,,
785,fake_poughkeepsie,1,2,0.817329955856,0.8173163413,,0.817329955856,1.361455600001893e-05,,0.0,,-1.361455600001893e-05,
786,fake_poughkeepsie,1,3,0.817329955856,0.8173163413,0.8173163413,0.8173305542192,1.361455600001893e-05,1.361455600001893e-05,-5.983631999884054e-07,0.0,-1.4212919200007335e-05,-1.4212919200007335e-05
787,fake_poughkeepsie,1,4,0.8284853361418631,0.828484469646816,0.8173163413,0.84747690002552,8.664950471581889e-07,0.011168994841863178,-0.01899156388365686,0.01116812834681602,-0.018992430378704017,-0.030160558725520037
788,fake_poughkeepsie,1,5,0.8284853361418631,0.84116500013427,0.8173163413,0.847476956870024,-0.012679663992406831,0.011168994841863178,-0.018991620728160852,0.02384865883427001,-0.006311956735754021,-0.03016061557002403
789,fake_poughkeepsie,1,6,0.8284853361418631,0.8419824742510744,,,-0.01349713810921127,,,,,
790,fake_poughkeepsie,2,2,0.834388253125,0.8343870959,,0.8343892487,1.1572249999369788e-06,,-9.955749999956964e-07,,-2.1527999999326752e-06,
791,fake_poughkeepsie,2,3,0.834391248698,0.8343870959,0.8343970516,0.8343895473725,4.152797999923408e-06,-5.80290200002942e-06,1.7013254999254102e-06,-9.955699999952827e-06,-2.4514724999979975e-06,7.50422749995483e-06
792,fake_poughkeepsie,2,4,0.834391248698,0.8343870959,0.8343970516,0.850691047621625,4.152797999923408e-06,-5.80290200002942e-06,-0.016299798923624986,-9.955699999952827e-06,-0.01630395172162491,-0.016293996021624957
793,fake_poughkeepsie,2,5,0.834391248698,0.8343870959,0.8343970516,0.8506910621819094,4.152797999923408e-06,-5.80290200002942e-06,-0.01629981348390941,-9.955699999952827e-06,-0.016303966281909332,-0.01629401058190938
794,fake_poughkeepsie,2,6,0.834391248698,0.8343870959,,,4.152797999923408e-06,,,,,
795,fake_poughkeepsie,3,2,0.822500814535,0.8224980685,,0.822500814535,2.746035000056324e-06,,0.0,,-2.746035000056324e-06,
796,fake_poughkeepsie,3,3,0.822500814535,0.8224980685,0.8224980685,0.822500814535,2.746035000056324e-06,2.746035000056324e-06,0.0,0.0,-2.746035000056324e-06,-2.746035000056324e-06
797,fake_poughkeepsie,3,4,0.822500814535,0.8224980685,0.8224980685,0.8484526097369766,2.746035000056324e-06,2.746035000056324e-06,-0.025951795201976546,0.0,-0.025954541236976603,-0.025954541236976603
798,fake_poughkeepsie,3,5,0.822500814535,0.8224980685,0.8224980685,0.8484526278475737,2.746035000056324e-06,2.746035000056324e-06,-0.02595181331257368,0.0,-0.025954559347573736,-0.025954559347573736
799,fake_poughkeepsie,3,6,0.822500814535,0.8224980685,,,2.746035000056324e-06,,,,,
800,fake_poughkeepsie,4,2,0.82355373499,0.8235456495,,0.82355373499,8.085489999976048e-06,,0.0,,-8.085489999976048e-06,
801,fake_poughkeepsie,4,3,0.82355373499,0.8235456495,0.8235456651,0.82355430521394,8.085489999976048e-06,8.069889999906543e-06,-5.702239400662279e-07,-1.560000006950446e-08,-8.655713940042276e-06,-8.640113939972771e-06
802,fake_poughkeepsie,4,4,0.8305719301486906,0.830575952698457,0.8235456651,0.8489979631450836,-4.022549766391492e-06,0.007026265048690528,-0.018426032996393005,0.007030287598456919,-0.018422010446626613,-0.025452298045083532
803,fake_poughkeepsie,4,5,0.8305719301486906,0.8435923370454709,0.8235456651,0.8489980079863538,-0.013020406896780301,0.007026265048690528,-0.018426077837663257,0.02004667194547083,-0.005405670940882956,-0.025452342886353785
804,fake_poughkeepsie,4,6,0.8305719301486906,0.844159693258096,,,-0.01358776310940546,,,,,
805,fake_quito,0,2,0.834873037118,0.8348618327,,0.834872041741,1.1204417999954863e-05,,9.95376999934905e-07,,-1.0209041000019958e-05,
806,fake_quito,0,3,0.834873037118,0.8348618327,0.8348618791,0.834872041741,1.1204417999954863e-05,1.115801800000149e-05,9.95376999934905e-07,-4.639999995337263e-08,-1.0209041000019958e-05,-1.0162641000066586e-05
807,fake_quito,0,4,0.834873037118,0.8348618327,0.8348618791,0.8492819049952027,1.1204417999954863e-05,1.115801800000149e-05,-0.014408867877202747,-4.639999995337263e-08,-0.014420072295202702,-0.014420025895202748
808,fake_quito,0,5,0.834873037118,0.8415111309036631,0.8348618791,0.8492819120724605,-0.006638093785663157,1.115801800000149e-05,-0.014408874954460527,0.006649251803663159,-0.007770781168797369,-0.014420032972460528
809,fake_quito,0,6,0.834873037118,0.8421594416276122,,,-0.007286404509612265,,,,,
810,fake_quito,1,2,0.834872041741,0.8348618327,,0.834872041741,1.0209041000019958e-05,,0.0,,-1.0209041000019958e-05,
811,fake_quito,1,3,0.834872041741,0.8348618327,0.8348618327,0.834872041741,1.0209041000019958e-05,1.0209041000019958e-05,0.0,0.0,-1.0209041000019958e-05,-1.0209041000019958e-05
812,fake_quito,1,4,0.834872041741,0.8348618327,0.8348618327,0.8492819049952027,1.0209041000019958e-05,1.0209041000019958e-05,-0.014409863254202682,0.0,-0.014420072295202702,-0.014420072295202702
813,fake_quito,1,5,0.834872041741,0.8348618327,0.8348618327,0.8492819120724605,1.0209041000019958e-05,1.0209041000019958e-05,-0.014409870331460461,0.0,-0.014420079372460481,-0.014420079372460481
814,fake_quito,1,6,0.834872041741,0.8348618327,,,1.0209041000019958e-05,,,,,
815,fake_quito,2,2,0.829761431715,0.8297629742,,0.829761431715,-1.5424849999501333e-06,,0.0,,1.5424849999501333e-06,
816,fake_quito,2,3,0.82976242607,0.8297629742,0.829764619870824,0.829761431715,-5.481300000553802e-07,-2.1938008240018902e-06,9.943549998947532e-07,-1.64567082394651e-06,1.5424849999501333e-06,3.1881558238966434e-06
817,fake_quito,2,4,0.82976242607,0.8297629742,0.829764619870824,0.8495725245850437,-5.481300000553802e-07,-2.1938008240018902e-06,-0.019810098515043784,-1.64567082394651e-06,-0.019809550385043728,-0.01980790471421978
818,fake_quito,2,5,0.82976242607,0.8344923160477844,0.829764619870824,0.8495725331277008,-0.004729889977784452,-2.1938008240018902e-06,-0.01981010705770081,0.00472769617696045,-0.015080217079916358,-0.019807913256876808
819,fake_quito,2,6,0.82976242607,0.8348978930631985,,,-0.005135466993198556,,,,,
820,fake_rochester,0,2,0.666976607336,0.6669638214,,0.666976607336,1.2785935999959364e-05,,0.0,,-1.2785935999959364e-05,
821,fake_rochester,0,3,0.732504494498,0.7325223751005,0.666970491038214,0.7317504,-1.7880602499964482e-05,0.065534003459786,0.000754094498000013,0.06555188406228596,0.0007719751004999775,-0.06477990896178598
822,fake_rochester,0,4,0.8218483116879461,0.8218582695517269,0.731769440036,0.7317509,-9.957863780774012e-06,0.09007887165194617,0.09009741168794616,0.09008882951572694,0.09010736955172693,1.85400359999921e-05
823,fake_rochester,0,5,0.8218483116879461,0.8250017670240738,0.731769440036,0.73633954802,-0.003153455336127653,0.09007887165194617,0.08550876366794613,0.09323232698807382,0.08866221900407378,-0.004570107984000038
824,fake_rochester,0,6,0.8218483116879461,0.8282634358762829,,,-0.006415124188336785,,,,,
825,fake_rochester,1,2,0.717974333646,0.717972464,,0.717974335444,1.8696460000189319e-06,,-1.7979999711315031e-09,,-1.8714439999900634e-06,
826,fake_rochester,1,3,0.717975331848,0.71797964372464,0.71798962582446,0.71797487101115,-4.311876639961909e-06,-1.4293976460022506e-05,4.6083685001363506e-07,-9.982099820060597e-06,4.772713489975544e-06,1.4754813310036141e-05
827,fake_rochester,1,4,0.717975331848,0.7179868235210772,0.71798962582446,0.7852361312783327,-1.1491673077235198e-05,-1.4293976460022506e-05,-0.0672607994303327,-2.802303382787308e-06,-0.06724930775725546,-0.06724650545387267
828,fake_rochester,1,5,0.717975331848,0.7179940033893124,0.7180039856887754,0.7852362965405476,-1.8671541312409445e-05,-2.8653840775438866e-05,-0.06726096469254761,-9.98229946302942e-06,-0.0672422931512352,-0.06723231085177217
829,fake_rochester,1,6,0.717975331848,0.7180011833293464,,,-2.585148134637283e-05,,,,,
830,fake_rochester,2,2,0.78555760003,0.7855515482,,0.78555760003,6.051830000020075e-06,,0.0,,-6.051830000020075e-06,
831,fake_rochester,2,3,0.78555760003,0.785559403715482,0.7855615185,0.785558221320625,-1.8036854820824288e-06,-3.918470000030538e-06,-6.212906250580019e-07,-2.1147845179481095e-06,1.182394857024427e-06,3.2971793749725364e-06
832,fake_rochester,2,4,0.78555760003,0.7855672593095192,0.7855615185,0.8340806191772852,-9.659279519236286e-06,-3.918470000030538e-06,-0.048523019147285185,5.740809519205747e-06,-0.04851335986776595,-0.048519100677285154
833,fake_rochester,2,5,0.78555760003,0.7960421159588902,0.7855615185,0.8340807247481531,-0.010484515928890215,-3.918470000030538e-06,-0.04852312471815312,0.010480597458890184,-0.03803860878926291,-0.04851920624815309
834,fake_rochester,2,6,0.78555760003,0.8070311150535296,,,-0.021473515023529677,,,,,
835,fake_rochester,3,2,0.793118608312,0.7931193758,,0.793117610377,-7.674880000418938e-07,,9.97934999968919e-07,,1.7654230000108129e-06,
836,fake_rochester,3,3,0.793118608312,0.793127306993758,0.7931193758,0.793117610377,-8.698681758012583e-06,-7.674880000418938e-07,9.97934999968919e-07,7.93119375797069e-06,9.696616757981502e-06,1.7654230000108129e-06
837,fake_rochester,3,4,0.8344311955485685,0.8343963986533804,0.793135238266828,0.8381027159278427,3.479689518803841e-05,0.041295957281740514,-0.003671520379274207,0.041261160386552476,-0.0037063172744622452,-0.04496747766101472
838,fake_rochester,3,5,0.8344311955485685,0.8400293302014689,0.7942416910179513,0.8381027256712577,-0.005598134652900377,0.040189504530617204,-0.0036715301226891706,0.04578763918351758,0.0019266045302112067,-0.043861034653306374
839,fake_rochester,3,6,0.8344311955485685,0.8410349239447604,,,-0.0066037283961919435,,,,,
840,fake_rochester,4,2,0.779274555621,0.7792688114,,0.779274555621,5.744220999970295e-06,,0.0,,-5.744220999970295e-06,
841,fake_rochester,4,3,0.77927555562,0.779276604088114,0.779286587887951,0.779274555621,-1.0484681141065266e-06,-1.103226795107215e-05,9.99998999939855e-07,-9.983799836965623e-06,2.0484671140463817e-06,1.2032266951012005e-05
842,fake_rochester,4,4,0.77927555562,0.7792843968541548,0.779286587887951,0.8312116146646441,-8.841234154899347e-06,-1.103226795107215e-05,-0.051936059044644156,-2.1910337961728032e-06,-0.05192721781048926,-0.051925026776693084
843,fake_rochester,4,5,0.77927555562,0.7792921896981234,0.7793021736976374,0.8312116376034309,-1.663407812346751e-05,-2.6618077637485804e-05,-0.051936081983430915,-9.983999514018294e-06,-0.05191944790530745,-0.05190946390579343
844,fake_rochester,4,6,0.77927555562,0.7792999826200204,,,-2.4427000020477152e-05,,,,,
845,fake_rochester,5,2,0.706617805195,0.7066220995,,0.706617803621,-4.294305000041021e-06,,1.5739999303931995e-09,,4.295878999971414e-06,
846,fake_rochester,5,3,0.706617805195,0.706629165720995,0.7066220995,0.7066178360186575,-1.1360525995041115e-05,-4.294305000041021e-06,-3.08236575152776e-08,7.066220995000094e-06,1.1329702337525838e-05,4.263481342525743e-06
847,fake_rochester,5,4,0.706619218431317,0.7066362320126522,0.7066262657133292,0.7744207622957365,-1.7013581335212358e-05,-7.047282012173639e-06,-0.0678015438644195,9.966299323038719e-06,-0.06778453028308429,-0.06779449658240733
848,fake_rochester,5,5,0.706619218431317,0.7066432983749723,0.7066361980119722,0.774420772927205,-2.4079943655275216e-05,-1.697958065516314e-05,-0.06780155449588798,7.1003630001120754e-06,-0.06777747455223271,-0.06778457491523282
849,fake_rochester,5,6,0.7066206316704605,0.7066503648079561,,,-2.9733137495546735e-05,,,,,
850,fake_rome,0,2,0.831920782088,0.8319244392,,0.831920782088,-3.6571120000106205e-06,,0.0,,3.6571120000106205e-06,
851,fake_rome,0,3,0.831921782088,0.831932758444392,0.831942758544392,0.8319208913733488,-1.0976356391911857e-05,-2.0976456391985643e-05,8.907146512582287e-07,-1.0000100000073786e-05,1.1867071043170085e-05,2.186717104324387e-05
852,fake_rome,0,4,0.831921782088,0.8319410777719765,0.8319677121113978,0.8513010753594873,-1.9295683976405797e-05,-4.5930023397700026e-05,-0.01937929327148724,-2.663433942129423e-05,-0.019359997587510835,-0.01933336324808954
853,fake_rome,0,5,0.831921782088,0.8481794196882777,0.8319760293907263,0.8513010817404381,-0.016257637600277652,-5.424730272629574e-05,-0.01937929965243801,0.016203390297551357,-0.0031216620521603566,-0.019325052349711713
854,fake_rome,0,6,0.831921782088,0.8481879014824746,,,-0.016266119394474532,,,,,
855,fake_rome,1,2,0.83632618136,0.8363152298,,0.83632618136,1.0951560000083127e-05,,0.0,,-1.0951560000083127e-05,
856,fake_rome,1,3,0.836327179968,0.836323592952298,0.836333592852296,0.83632618136,3.587015702022356e-06,-6.412884296036481e-06,9.9860799995799e-07,-9.999899998058837e-06,-2.588407702064366e-06,7.411492295994471e-06
857,fake_rome,1,4,0.836327179968,0.8363319561882275,0.836358676545762,0.8518898086246302,-4.776220227542538e-06,-3.1496577762024636e-05,-0.015562628656630162,-2.6720357534482098e-05,-0.01555785243640262,-0.015531132078868137
858,fake_rome,1,5,0.836327179968,0.8482350271206892,0.8363670369365582,0.8518898181489652,-0.011907847152689222,-3.985696855823839e-05,-0.01556263818096526,0.011867990184130983,-0.0036547910282760387,-0.015522781212407022
859,fake_rome,1,6,0.836327179968,0.8483272547928502,,,-0.012000074824850215,,,,,
860,fake_rome,2,2,0.831920782088,0.8319244392,,0.831920782088,-3.6571120000106205e-06,,0.0,,3.6571120000106205e-06,
861,fake_rome,2,3,0.83192178104,0.831932758444392,0.831942748144288,0.8319208913733488,-1.0977404391931955e-05,-2.0967104288005523e-05,8.896666512381302e-07,-9.989699896073567e-06,1.1867071043170085e-05,2.1856770939243653e-05
862,fake_rome,2,4,0.83192178104,0.8319410777719765,0.8319677001184997,0.8513010753594873,-1.9296731976425896e-05,-4.591907849971211e-05,-0.01937929431948726,-2.662234652328621e-05,-0.019359997587510835,-0.01933337524098755
863,fake_rome,2,5,0.83192178104,0.843821321662771,0.8319760166027916,0.8513010817404381,-0.011899540622770988,-5.4235562791604686e-05,-0.01937930070043803,0.011845305059979383,-0.007479760077667041,-0.019325065137646424
864,fake_rome,2,6,0.83192178104,0.844122384217596,,,-0.01220060317759597,,,,,
865,fake_santiago,0,2,0.843863888777,0.843857797,,0.843863888777,6.091777000061249e-06,,0.0,,-6.091777000061249e-06,
866,fake_santiago,0,3,0.84386488795,0.843857797,0.843857797,0.843863888777,7.0909500000659875e-06,7.0909500000659875e-06,9.991730000047383e-07,0.0,-6.091777000061249e-06,-6.091777000061249e-06
867,fake_santiago,0,4,0.84386488795,0.843857797,0.843857797,0.8528885197966113,7.0909500000659875e-06,7.0909500000659875e-06,-0.009023631846611258,0.0,-0.009030722796611323,-0.009030722796611323
868,fake_santiago,0,5,0.84386488795,0.8498415326948174,0.843857797,0.85288852648124,-0.005976644744817405,7.0909500000659875e-06,-0.009023638531239997,0.005983735694817471,-0.0030469937864225916,-0.009030729481240063
869,fake_santiago,0,6,0.84386488795,0.8498524387783276,,,-0.005987550828327581,,,,,
870,fake_santiago,1,2,0.84227074633,0.8422465426,,0.842271745595,2.4203730000005308e-05,,-9.992649999679415e-07,,-2.520299499997325e-05,
871,fake_santiago,1,3,0.842272745596,0.8422465426,0.8422565352,0.842271745595,2.6202995999979883e-05,1.621039599997154e-05,1.000001000006634e-06,-9.992600000008345e-06,-2.520299499997325e-05,-1.5210394999964905e-05
872,fake_santiago,1,4,0.842272745596,0.8422465426,0.8422565352,0.852783165224304,2.6202995999979883e-05,1.621039599997154e-05,-0.010510419628304013,-9.992600000008345e-06,-0.010536622624303993,-0.010526630024303985
873,fake_santiago,1,5,0.842272745596,0.8500146638104196,0.8422565352,0.8527831783230972,-0.0077419182144196075,1.621039599997154e-05,-0.010510432727097285,0.007758128610419579,-0.002768514512677678,-0.010526643123097257
874,fake_santiago,1,6,0.842272745596,0.8500556805247694,,,-0.007782934928769469,,,,,
875,fake_santiago,2,2,0.843144844696,0.8431333758,,0.843143845027,1.1468896000010886e-05,,9.99669000023573e-07,,-1.0469226999987313e-05,
876,fake_santiago,2,3,0.843144844696,0.8431333758,0.8431433692,0.843143845027,1.1468896000010886e-05,1.4754960000473716e-06,9.99669000023573e-07,-9.993399999963515e-06,-1.0469226999987313e-05,-4.758270000237985e-07
877,fake_santiago,2,4,0.843144844696,0.8431333758,0.8431433692,0.8528837387721312,1.1468896000010886e-05,1.4754960000473716e-06,-0.009738894076131155,-9.993399999963515e-06,-0.009750362972131166,-0.009740369572131202
878,fake_santiago,2,5,0.843144844696,0.8494501867816686,0.8431433692,0.8528837434015376,-0.006305342085668575,1.4754960000473716e-06,-0.009738898705537569,0.006306817581668622,-0.0034335566198689937,-0.009740374201537616
879,fake_santiago,2,6,0.843144844696,0.8494946031019446,,,-0.006349758405944539,,,,,
880,fake_santiago,3,2,0.846519102964,0.8465203256,,0.84651810332,-1.2226359999978342e-06,,9.996440000215046e-07,,2.2222800000193388e-06,
881,fake_santiago,3,3,0.846519102964,0.8465203256,0.8465203256,0.84651810332,-1.2226359999978342e-06,-1.2226359999978342e-06,9.996440000215046e-07,0.0,2.2222800000193388e-06,2.2222800000193388e-06
882,fake_santiago,3,4,0.846519102964,0.8465203256,0.8465203256,0.8531071632418713,-1.2226359999978342e-06,-1.2226359999978342e-06,-0.006588060277871288,0.0,-0.00658683764187129,-0.00658683764187129
883,fake_santiago,3,5,0.846519102964,0.8504442211718106,0.8465203256,0.8531071653093042,-0.003925118207810607,-1.2226359999978342e-06,-0.00658806234530418,0.0039238955718106094,-0.0026629441374935725,-0.006586839709304182
884,fake_santiago,3,6,0.846519102964,0.8505090159749009,,,-0.003989913010900903,,,,,
885,fake_singapore,0,2,0.791441208775,0.7914342588,,0.791441208775,6.9499750000590055e-06,,0.0,,-6.9499750000590055e-06,
886,fake_singapore,0,3,0.791441208775,0.791442173142588,0.7914342588,0.791441208775,-9.643675880077751e-07,6.9499750000590055e-06,0.0,7.91434258806678e-06,9.643675880077751e-07,-6.9499750000590055e-06
887,fake_singapore,0,4,0.8314097426451377,0.8314241444666951,0.7914500875643194,0.8377398411041841,-1.4401821557430416e-05,0.039959655080818224,-0.006330098459046418,0.039974056902375654,-0.006315696637488988,-0.04628975353986464
888,fake_singapore,0,5,0.8314097426451377,0.8408943399877183,0.7925606425190728,0.8377398587019815,-0.00948459734258067,0.038849100126064906,-0.00633011605684386,0.048333697468645576,0.00315448128573681,-0.045179216182908766
889,fake_singapore,0,6,0.8314097426451377,0.8425161158794979,,,-0.011106373234360256,,,,,
890,fake_singapore,1,2,0.830914514555,0.8309136792,,0.830914514555,8.353549999506882e-07,,0.0,,-8.353549999506882e-07,
891,fake_singapore,1,3,0.83091551239,0.8309136792,0.8309136792,0.830914514555,1.8331900000223555e-06,1.8331900000223555e-06,9.978350000716674e-07,0.0,-8.353549999506882e-07,-8.353549999506882e-07
892,fake_singapore,1,4,0.83091551239,0.8309136792,0.8309136792,0.8507949414186253,1.8331900000223555e-06,1.8331900000223555e-06,-0.019879429028625273,0.0,-0.019881262218625295,-0.019881262218625295
893,fake_singapore,1,5,0.83091551239,0.8374224915010344,0.8309136792,0.8507949499911794,-0.006506979111034372,1.8331900000223555e-06,-0.019879437601179384,0.0065088123010343946,-0.013372458490145012,-0.019881270791179406
894,fake_singapore,1,6,0.83091551239,0.8405898827865472,,,-0.009674370396547172,,,,,
895,fake_singapore,2,2,0.794901141188,0.7948911732,,0.794900141725,9.96798800001475e-06,,9.99463000028733e-07,,-8.968524999986016e-06,
896,fake_singapore,2,3,0.794901141726,0.7948911732,0.7948911786,0.794900141725,9.96852599999265e-06,9.963125999989941e-06,1.000001000006634e-06,-5.4000000027087935e-09,-8.968524999986016e-06,-8.963124999983307e-06
897,fake_singapore,2,4,0.8023643798640161,0.8023633316381,0.7948911786,0.8395440165000184,1.0482259160671248e-06,0.007473201264016072,-0.03717963663600232,0.0074721530381000045,-0.03718068486191839,-0.044652837900018394
898,fake_singapore,2,5,0.8023643798640161,0.8390985859058206,0.7948911786,0.8395440350250514,-0.03673420604180455,0.007473201264016072,-0.037179655161035274,0.04420740730582062,-0.00044544911923072306,-0.044652856425051346
899,fake_singapore,2,6,0.8023643798640161,0.8404185796872938,,,-0.038054199823277735,,,,,
900,fake_singapore,3,2,0.820132241112,0.8201230677,,0.820131241957,9.173412000018644e-06,,9.9915499995884e-07,,-8.174257000059804e-06,
901,fake_singapore,3,3,0.820132241112,0.8201230677,0.8201230677,0.820131241957,9.173412000018644e-06,9.173412000018644e-06,9.9915499995884e-07,0.0,-8.174257000059804e-06,-8.174257000059804e-06
902,fake_singapore,3,4,0.820132241112,0.8201230677,0.8201230677,0.848518567290847,9.173412000018644e-06,9.173412000018644e-06,-0.028386326178846955,0.0,-0.028395499590846973,-0.028395499590846973
903,fake_singapore,3,5,0.820132241112,0.8364170698072055,0.8201230677,0.8485185862795773,-0.016284828695205533,9.173412000018644e-06,-0.02838634516757732,0.016294002107205552,-0.012101516472371787,-0.02839551857957734
904,fake_singapore,3,6,0.820132241112,0.836834538444901,,,-0.01670229733290096,,,,,
905,fake_singapore,4,2,0.794900141725,0.7948911732,,0.794900141725,8.968524999986016e-06,,0.0,,-8.968524999986016e-06,
906,fake_singapore,4,3,0.79490114065,0.7948911732,0.7949011624,0.794900141725,9.967449999925826e-06,-2.175000002324623e-08,9.989249999398098e-07,-9.989199999949072e-06,-8.968524999986016e-06,1.020674999963056e-06
907,fake_singapore,4,4,0.79490114065,0.7948911732,0.7949011624,0.8395440165000184,9.967449999925826e-06,-2.175000002324623e-08,-0.04464287585001847,-9.989199999949072e-06,-0.0446528433000184,-0.04464285410001845
908,fake_singapore,4,5,0.79490114065,0.8334788397728939,0.7949011624,0.8395440350250514,-0.038577699122893994,-2.175000002324623e-08,-0.04464289437505142,0.03857767737289397,-0.006065195252157429,-0.0446428726250514
909,fake_singapore,4,6,0.79490114065,0.8337841404161289,,,-0.03888299976612897,,,,,
910,fake_singapore,5,2,0.794899142262,0.7948911732,,0.794900141725,7.969061999957283e-06,,-9.99463000028733e-07,,-8.968524999986016e-06,
911,fake_singapore,5,3,0.794901141726,0.794899122111732,0.794909111411624,0.794900141725,2.019614268045089e-06,-7.96968562399858e-06,1.000001000006634e-06,-9.989299892043668e-06,-1.019613268038455e-06,8.969686624005213e-06
912,fake_singapore,5,4,0.8351236788295284,0.835165062280596,0.794909111411624,0.8395440165000184,-4.1383451067522614e-05,0.04021456741790441,-0.004420337670489993,0.040255950868971935,-0.004378954219422471,-0.044634905088394405
913,fake_singapore,5,5,0.8351236788295284,0.8448454690466847,0.7981712508799136,0.8395440350250514,-0.009721790217156245,0.03695242794961484,-0.004420356195522945,0.046674218166771086,0.0053014340216333,-0.041372784145137786
914,fake_singapore,5,6,0.8351236788295284,0.8464059313919637,,,-0.011282252562435313,,,,,
915,fake_sydney,0,2,0.810357914514,0.8103374794,,0.810357914514,2.0435113999961452e-05,,0.0,,-2.0435113999961452e-05,
916,fake_sydney,0,3,0.810357914514,0.810345582774794,0.81035547947376,0.810358308397486,1.2331739206006276e-05,2.435040240000852e-06,-3.9388348604951773e-07,-9.896698966005424e-06,-1.2725622692055794e-05,-2.8289237260503697e-06
917,fake_sydney,0,4,0.8317583749245541,0.8317877643503804,0.8103797862612515,0.8434473259401034,-2.9389425826309434e-05,0.021378588663302556,-0.011688951015549343,0.021407978089128865,-0.011659561589723033,-0.0330675396788519
918,fake_sydney,0,5,0.8317583749245541,0.8373163242347558,0.8103878880812981,0.8434473679341882,-0.005557949310201704,0.02137048684325593,-0.011688993009634108,0.026928436153457636,-0.006131043699432404,-0.03305947985289004
919,fake_sydney,0,6,0.8317583749245541,0.8379460421329071,,,-0.006187667208353065,,,,,
920,fake_sydney,1,2,0.834429358056,0.8344290376,,0.834430357328,3.204560000691359e-07,,-9.992719999241118e-07,,-1.3197279999932476e-06,
921,fake_sydney,1,3,0.834430357328,0.834437381890376,0.834455719180608,0.8344305735704608,-7.024562376001242e-06,-2.5361852608041247e-05,-2.162424608265212e-07,-1.8337290232040004e-05,6.808319915174721e-06,2.5145610147214725e-05
922,fake_sydney,1,4,0.8438757130674873,0.8438528281521085,0.8344724114959996,0.8518123305369049,2.2884915378829085e-05,0.009403301571487721,-0.00793661746941754,0.009380416656108892,-0.007959502384796369,-0.01733991904090526
923,fake_sydney,1,5,0.8438757130674873,0.8499685210188929,0.8344890977431575,0.8518123417759381,-0.006092807951405543,0.009386615324329828,-0.0079366287084508,0.015479423275735371,-0.0018438207570452558,-0.017323244032780627
924,fake_sydney,1,6,0.8438757130674873,0.8502017067118183,,,-0.006325993644330952,,,,,
925,fake_sydney,2,2,0.841889105758,0.8418794206,,0.841889105758,9.685158000038996e-06,,0.0,,-9.685158000038996e-06,
926,fake_sydney,2,3,0.841890105758,0.8418794206,0.8418794206,0.841889105758,1.0685158000067752e-05,1.0685158000067752e-05,1.0000000000287557e-06,0.0,-9.685158000038996e-06,-9.685158000038996e-06
927,fake_sydney,2,4,0.841890105758,0.8418794206,0.8418794206,0.8527202865457993,1.0685158000067752e-05,1.0685158000067752e-05,-0.010830180787799293,0.0,-0.01084086594579936,-0.01084086594579936
928,fake_sydney,2,5,0.841890105758,0.8500726530804769,0.8418794206,0.852720292981396,-0.008182547322476807,1.0685158000067752e-05,-0.010830187223395904,0.008193232480476875,-0.0026476399009190965,-0.010840872381395972
929,fake_sydney,2,6,0.841890105758,0.8500834266816247,,,-0.00819332092362468,,,,,
930,fake_sydney,3,2,0.810992593128,0.8109960824,,0.810992593128,-3.4892720000012645e-06,,0.0,,3.4892720000012645e-06,
931,fake_sydney,3,3,0.810992593128,0.811004192360824,0.811014183660736,0.810992593128,-1.1599232824011096e-05,-2.1590532735982215e-05,0.0,-9.991299911971119e-06,1.1599232824011096e-05,2.1590532735982215e-05
932,fake_sydney,3,4,0.810992593128,0.8110123024027476,0.811038506576768,0.8459621253943043,-1.970927474759243e-05,-4.591344876803127e-05,-0.03496953226630428,-2.6204174020438842e-05,-0.03494982299155669,-0.03492361881753625
933,fake_sydney,3,5,0.810992593128,0.825670888548774,0.8110466131707947,0.8459621781304866,-0.014678295420774035,-5.4020042794755696e-05,-0.03496958500248659,0.014624275377979279,-0.020291289581712557,-0.034915564959691836
934,fake_sydney,3,6,0.810992593128,0.8298792809276977,,,-0.01888668779969771,,,,,
935,fake_sydney,4,2,0.845456630232,0.8454610888,,0.845457629515,-4.458568000020868e-06,,-9.992830000138397e-07,,3.4592850000070285e-06,
936,fake_sydney,4,3,0.845456630232,0.845469543410888,0.845479536310816,0.845457629515,-1.2913178887963284e-05,-2.2906078815942976e-05,-9.992830000138397e-07,-9.992899927979693e-06,1.1913895887949444e-05,2.1906795815929136e-05
937,fake_sydney,4,4,0.845456630232,0.8454779981063221,0.8455048931896585,0.8530407742729001,-2.136787432205356e-05,-4.826295765847366e-05,-0.0075841440409001315,-2.68950833364201e-05,-0.007562776166578078,-0.007535881083241658
938,fake_sydney,4,5,0.845456630232,0.8454864528863032,0.8455133444469443,0.8530407838882551,-2.9822654303179874e-05,-5.6714214944242336e-05,-0.007584153656255088,-2.6891560641062462e-05,-0.007554331001951908,-0.007527439441310846
939,fake_sydney,4,6,0.845456630232,0.8459655848288757,,,-0.0005089545968757214,,,,,
940,fake_sydney,5,2,0.823920743589,0.8239004086,,0.823920742818,2.0334989000003745e-05,,7.710000415883655e-10,,-2.0334217999962156e-05,
941,fake_sydney,5,3,0.823920743589,0.8239004086,0.8239004086,0.823920742818,2.0334989000003745e-05,2.0334989000003745e-05,7.710000415883655e-10,0.0,-2.0334217999962156e-05,-2.0334217999962156e-05
942,fake_sydney,5,4,0.823920743589,0.8239004086,0.8239004086,0.8495113739578476,2.0334989000003745e-05,2.0334989000003745e-05,-0.025590630368847567,0.0,-0.02561096535784757,-0.02561096535784757
943,fake_sydney,5,5,0.823920743589,0.8239004086,0.8239004086,0.8495114042174793,2.0334989000003745e-05,2.0334989000003745e-05,-0.025590660628479256,0.0,-0.02561099561747926,-0.02561099561747926
944,fake_sydney,5,6,0.823920743589,0.8239004086,,,2.0334989000003745e-05,,,,,
945,fake_toronto,0,2,0.815699970063,0.815679785,,0.815699983714,2.0185062999944492e-05,,-1.365099999706132e-08,,-2.0198713999941553e-05,
946,fake_toronto,0,3,0.815699983714,0.815679785,0.815681627902152,0.815700540096684,2.0198713999941553e-05,1.8355811847947656e-05,-5.563826840360164e-07,-1.842902151993897e-06,-2.075509668397757e-05,-1.8912194531983673e-05
947,fake_toronto,0,4,0.815699983714,0.815679785,0.815681627902152,0.8405265947349855,2.0198713999941553e-05,1.8355811847947656e-05,-0.02482661102098549,-1.842902151993897e-06,-0.02484680973498543,-0.024844966832833437
948,fake_toronto,0,5,0.815699983714,0.815679785,0.815681627902152,0.8405266384878071,2.0198713999941553e-05,1.8355811847947656e-05,-0.024826654773807078,-1.842902151993897e-06,-0.02484685348780702,-0.024845010585655025
949,fake_toronto,0,6,0.815699983714,0.815679785,,,2.0198713999941553e-05,,,,,
950,fake_toronto,1,2,0.843944624,0.843934632,,0.8439436248,9.992000000069723e-06,,9.992000000735857e-07,,-8.992799999996137e-06,
951,fake_toronto,1,3,0.8439446248,0.843934632,0.84393618455376,0.84394382543936,9.992800000024893e-06,8.440246240026816e-06,7.993606400136244e-07,-1.5525537599980765e-06,-9.193439360011268e-06,-7.640885600013192e-06
952,fake_toronto,1,4,0.844861732385232,0.84484980537192,0.84393618455376,0.8529040796597097,1.1927013311985313e-05,0.0009255478314720289,-0.008042347274477724,0.0009136208181600436,-0.008054274287789709,-0.008967895105949752
953,fake_toronto,1,5,0.844861732385232,0.850133569632787,0.84393618455376,0.85290408488667,-0.005271837247554978,0.0009255478314720289,-0.008042352501438033,0.006197385079027007,-0.0027705152538830546,-0.008967900332910062
954,fake_toronto,1,6,0.844861732385232,0.850192156253192,,,-0.00533042386796001,,,,,
955,fake_toronto,2,2,0.79448338647,0.7944635277,,0.7944843764,1.9858770000102943e-05,,-9.899299999727162e-07,,-2.084870000007566e-05,
956,fake_toronto,2,3,0.7944843764,0.7944635277,0.7944635277,0.794484708620508,2.084870000007566e-05,2.084870000007566e-05,-3.322205079925311e-07,0.0,-2.118092050806819e-05,-2.118092050806819e-05
957,fake_toronto,2,4,0.7944843764,0.7944635277,0.7944635277,0.8374862066052527,2.084870000007566e-05,2.084870000007566e-05,-0.04300183020525272,0.0,-0.0430226789052528,-0.0430226789052528
958,fake_toronto,2,5,0.7944843764,0.7944635277,0.7944635277,0.8374862551170946,2.084870000007566e-05,2.084870000007566e-05,-0.0430018787170946,0.0,-0.043022727417094675,-0.043022727417094675
959,fake_toronto,2,6,0.7944843764,0.7944635277,,,2.084870000007566e-05,,,,,
960,fake_toronto,3,2,0.840456874648,0.840450092,,0.840456874648,6.782648000025482e-06,,0.0,,-6.782648000025482e-06,
961,fake_toronto,3,3,0.840456874648,0.840450092,0.840450092,0.8404572766919656,6.782648000025482e-06,6.782648000025482e-06,-4.020439655638697e-07,0.0,-7.1846919655893515e-06,-7.1846919655893515e-06
962,fake_toronto,3,4,0.840456874648,0.840450092,0.840450092,0.8509797841258488,6.782648000025482e-06,6.782648000025482e-06,-0.01052290947784884,0.0,-0.010529692125848866,-0.010529692125848866
963,fake_toronto,3,5,0.840456874648,0.840450092,0.840450092,0.8509797965518298,6.782648000025482e-06,6.782648000025482e-06,-0.010522921903829752,0.0,-0.010529704551829777,-0.010529704551829777
964,fake_toronto,3,6,0.840456874648,0.840450092,,,6.782648000025482e-06,,,,,
965,fake_toronto,4,2,0.83716264632,0.837143709,,0.83716164632,1.8937320000023128e-05,,1.0000000000287557e-06,,-1.7937319999994372e-05,
966,fake_toronto,4,3,0.83716264632,0.837143709,0.837145337262912,0.8371621119754368,1.8937320000023128e-05,1.7309057088077395e-05,5.343445632632893e-07,-1.6282629119457326e-06,-1.840297543675984e-05,-1.6774712524814106e-05
967,fake_toronto,4,4,0.83716264632,0.837143709,0.837145337262912,0.8514128828210467,1.8937320000023128e-05,1.7309057088077395e-05,-0.01425023650104662,-1.6282629119457326e-06,-0.014269173821046643,-0.014267545558134698
968,fake_toronto,4,5,0.83716264632,0.837143709,0.837145337262912,0.8514129025028492,1.8937320000023128e-05,1.7309057088077395e-05,-0.014250256182849141,-1.6282629119457326e-06,-0.014269193502849165,-0.014267565239937219
969,fake_toronto,4,6,0.83716264632,0.837143709,,,1.8937320000023128e-05,,,,,
970,fake_toronto,5,2,0.845009948356,0.845001557,,0.845009947861,8.391355999948225e-06,,4.949999299341812e-10,,-8.39086100001829e-06,
971,fake_toronto,5,3,0.845010946872,0.845001557,0.845001557,0.845009947861,9.389871999943011e-06,9.389871999943011e-06,9.99010999924721e-07,0.0,-8.39086100001829e-06,-8.39086100001829e-06
972,fake_toronto,5,4,0.845010946872,0.845001557,0.845001557,0.8529208889336413,9.389871999943011e-06,9.389871999943011e-06,-0.007909942061641306,0.0,-0.00791933193364125,-0.00791933193364125
973,fake_toronto,5,5,0.845010946872,0.8501663145310091,0.845001557,0.8529208938543229,-0.005155367659009147,9.389871999943011e-06,-0.007909946982322946,0.00516475753100909,-0.0027545793233137994,-0.00791933685432289
974,fake_toronto,5,6,0.845010946872,0.8502158506926131,,,-0.005204903820613116,,,,,
975,fake_valencia,0,2,0.836581348505,0.8365953674,,0.836580349138,-1.4018894999967557e-05,,9.993670000429944e-07,,1.5018262000010552e-05,
976,fake_valencia,0,3,0.836581349138,0.8365953674,0.836597001546324,0.836580349138,-1.4018261999981796e-05,-1.5652408324018374e-05,1.0000000000287557e-06,-1.6341463240365783e-06,1.5018262000010552e-05,1.665240832404713e-05
977,fake_valencia,0,4,0.836581349138,0.8365953674,0.836597001546324,0.8519634335606968,-1.4018261999981796e-05,-1.5652408324018374e-05,-0.01538208442269684,-1.6341463240365783e-06,-0.015368066160696858,-0.015366432014372822
978,fake_valencia,0,5,0.836581349138,0.8477139114196118,0.836597001546324,0.8519634399604087,-0.011132562281611857,-1.5652408324018374e-05,-0.015382090822408712,0.011116909873287839,-0.004249528540796854,-0.015366438414084693
979,fake_valencia,0,6,0.836581349138,0.8479814516869437,,,-0.011400102548943747,,,,,
980,fake_valencia,1,2,0.836580348505,0.8365953674,,0.836580349138,-1.5018894999996313e-05,,-6.329999857612734e-10,,1.5018262000010552e-05,
981,fake_valencia,1,3,0.836581349138,0.8365953674,0.8366153678,0.836580349138,-1.4018261999981796e-05,-3.4018662000034894e-05,1.0000000000287557e-06,-2.0000400000053098e-05,1.5018262000010552e-05,3.501866200006365e-05
982,fake_valencia,1,4,0.836581349138,0.8365953674,0.8366153678,0.8519634335606968,-1.4018261999981796e-05,-3.4018662000034894e-05,-0.01538208442269684,-2.0000400000053098e-05,-0.015368066160696858,-0.015348065760696805
983,fake_valencia,1,5,0.836581349138,0.8466333589537508,0.8366153678,0.8519634399604087,-0.010052009815750829,-3.4018662000034894e-05,-0.015382090822408712,0.010017991153750794,-0.005330081006657883,-0.015348072160408677
984,fake_valencia,1,6,0.836581349138,0.8467744095479344,,,-0.010193060409934396,,,,,
985,fake_valencia,2,2,0.818575437771,0.8185539418,,0.818575437771,2.1495970999985126e-05,,0.0,,-2.1495970999985126e-05,
986,fake_valencia,2,3,0.818575437771,0.818562127339418,0.818570312878836,0.818575437771,1.3310431581925464e-05,5.124892163976824e-06,0.0,-8.18553941794864e-06,-1.3310431581925464e-05,-5.124892163976824e-06
987,fake_valencia,2,4,0.8310810852204307,0.8311266107045576,0.8185784985819647,0.8476327488816356,-4.5525484126951454e-05,0.012502586638465929,-0.016551663661204974,0.01254811212259288,-0.016506138177078022,-0.029054250299670903
988,fake_valencia,2,5,0.8310810852204307,0.8454742215198134,0.8186030560187793,0.8476327660335817,-0.01439313629938277,0.01247802920165142,-0.01655168081315106,0.02687116550103419,-0.00215854451376829,-0.02902971001480248
989,fake_valencia,2,6,0.8310810852204307,0.8463015770415084,,,-0.015220491821077764,,,,,
990,fake_valencia,3,2,0.831408610752,0.8314125992,,0.831408610752,-3.988447999980771e-06,,0.0,,3.988447999980771e-06,
991,fake_valencia,3,3,0.831408610752,0.831420913325992,0.8314292382522,0.8314092369926184,-1.2302573991984644e-05,-2.0627500200043336e-05,-6.262406183621394e-07,-8.324926208058692e-06,1.1676333373622505e-05,2.0001259581681197e-05
992,fake_valencia,3,4,0.831408610752,0.8314292275351253,0.8314375525445825,0.850884072941299,-2.0616783125260163e-05,-2.8941792582504178e-05,-0.019475462189298964,-8.325009457244015e-06,-0.019454845406173704,-0.01944652039671646
993,fake_valencia,3,5,0.831408610752,0.8425034699537967,0.8314624957543018,0.85088410974159,-0.011094859201796647,-5.3885002301745644e-05,-0.01947549898959,0.011040974199494902,-0.008380639787793354,-0.019421613987288255
994,fake_valencia,3,6,0.831408610752,0.843353375891065,,,-0.01194476513906495,,,,,
995,fake_vigo,0,2,0.799953856977,0.799961253,,0.79995385615,-7.396022999928142e-06,,8.270000240173658e-10,,7.39684999995216e-06,
996,fake_vigo,0,3,0.799953856977,0.799961253,0.7999712448,0.7999540450372524,-7.396022999928142e-06,-1.7387822999981317e-05,-1.8806025237072532e-07,-9.991800000053175e-06,7.207962747557417e-06,1.7199762747610592e-05
997,fake_vigo,0,4,0.831686778837908,0.83168932699398,0.7999712448,0.8416235592745432,-2.5481560720352903e-06,0.031715534037907944,-0.009936780436635262,0.03171808219397998,-0.009934232280563227,-0.041652314474543206
998,fake_vigo,0,5,0.831686778837908,0.8446632490074164,0.8003547115787748,0.8416235855147566,-0.012976470169508425,0.03133206725913318,-0.009936806676848597,0.0443085374286416,0.0030396634926598276,-0.041268873935981776
999,fake_vigo,0,6,0.831686778837908,0.8462699333946415,,,-0.014583154556733535,,,,,
1000,fake_vigo,1,2,0.836965012856,0.8369747,,0.836965012856,-9.68714399995907e-06,,0.0,,9.68714399995907e-06,
1001,fake_vigo,1,3,0.836965012856,0.836983069747,0.836993069847,0.83696512762508,-1.8056890999984532e-05,-2.8056990999947296e-05,-1.1476908001739616e-07,-1.0000099999962764e-05,1.7942121919967136e-05,2.79422219199299e-05
1002,fake_vigo,1,4,0.836965012856,0.8369914395776975,0.8370181673302339,0.8517873761280833,-2.6426721697503375e-05,-5.3154474233929605e-05,-0.014822363272083305,-2.672775253642623e-05,-0.014795936550385802,-0.014769208797849376
1003,fake_vigo,1,5,0.836965012856,0.8474583948946993,0.837026531327026,0.8517873811764882,-0.010493382038699317,-6.151847102597863e-05,-0.014822368320488222,0.010431863567673338,-0.004328986281788905,-0.014760849849462243
1004,fake_vigo,1,6,0.836965012856,0.8474960161366671,,,-0.01053100328066714,,,,,
1005,fake_vigo,2,2,0.84267998877,0.842680832,,0.84267998877,-8.432299999361348e-07,,0.0,,8.432299999361348e-07,
1006,fake_vigo,2,3,0.84267998877,0.842680832,0.842690832,0.8426802116126568,-8.432299999361348e-07,-1.0843229999890625e-05,-2.2284265677186e-07,-9.99999999995449e-06,6.203873431642748e-07,1.0620387343118765e-05
1007,fake_vigo,2,4,0.84267998877,0.842680832,0.842690832,0.8525403903387684,-8.432299999361348e-07,-1.0843229999890625e-05,-0.009860401568768329,-9.99999999995449e-06,-0.009859558338768393,-0.009849558338768438
1008,fake_vigo,2,5,0.84267998877,0.8490873449585986,0.842690832,0.8525403967507716,-0.006407356188598556,-1.0843229999890625e-05,-0.00986040798077159,0.006396512958598666,-0.003453051792173034,-0.0098495647507717
1009,fake_vigo,2,6,0.84267998877,0.8492086253030591,,,-0.006528636533059018,,,,,
1010,fake_vigo,3,2,0.829174552353,0.8291817746,,0.829174552353,-7.2222470000049555e-06,,0.0,,7.2222470000049555e-06,
1011,fake_vigo,3,3,0.829174552353,0.829190066417746,0.829208358635496,0.829174552353,-1.5514064745980605e-05,-3.3806282496051665e-05,0.0,-1.829221775007106e-05,1.5514064745980605e-05,3.3806282496051665e-05
1012,fake_vigo,3,4,0.8342882609791717,0.8342686011076489,0.8292166507190823,0.8503669447798282,1.9659871522859085e-05,0.005071610260089399,-0.016078683800656468,0.0050519503885665396,-0.016098343672179327,-0.021150294060745867
1013,fake_vigo,3,5,0.8342882609791717,0.8479842415557675,0.8292415273015248,0.8503669650026786,-0.013695980576595712,0.005046733677646964,-0.016078704023506862,0.018742714254242676,-0.0023827234469111502,-0.021125437701153826
1014,fake_vigo,3,6,0.8342882609791717,0.8483393701160052,,,-0.014051109136833495,,,,,
1015,fake_washington,0,2,0.762135022364,0.7621185902,,0.762135022364,1.6432164000046434e-05,,0.0,,-1.6432164000046434e-05,
1016,fake_washington,0,3,0.762135022364,0.7621185902,0.762126089384682,0.762135022364,1.6432164000046434e-05,8.932979318032608e-06,0.0,-7.499184682013826e-06,-1.6432164000046434e-05,-8.932979318032608e-06
1017,fake_washington,0,4,0.762135022364,0.7621185902,0.762126089384682,0.8174972366811968,1.6432164000046434e-05,8.932979318032608e-06,-0.05536221431719679,-7.499184682013826e-06,-0.055378646481196836,-0.05537114729651482
1018,fake_washington,0,5,0.762135022364,0.7621185902,0.7621413319826823,0.8174973108552789,1.6432164000046434e-05,-6.3096186823097256e-06,-0.05536228849127889,-2.274178268235616e-05,-0.055378720655278935,-0.05535597887259658
1019,fake_washington,0,6,0.762135022364,0.7621185902,,,1.6432164000046434e-05,,,,,
1020,fake_washington,1,2,0.850820308381,0.8508002082,,0.850821308014,2.0100180999960138e-05,,-9.996330000427989e-07,,-2.1099814000002937e-05,
1021,fake_washington,1,3,0.850822308014,0.8508002082,0.8508002082,0.850821308014,2.2099814000031692e-05,2.2099814000031692e-05,1.0000000000287557e-06,0.0,-2.1099814000002937e-05,-2.1099814000002937e-05
1022,fake_washington,1,4,0.850822308014,0.8508002082,0.8508002082,0.8532675916873657,2.2099814000031692e-05,2.2099814000031692e-05,-0.002445283673365606,0.0,-0.0024673834873656375,-0.0024673834873656375
1023,fake_washington,1,5,0.850822308014,0.8508002082,0.8508002082,0.8532675947229661,2.2099814000031692e-05,2.2099814000031692e-05,-0.0024452867089660435,0.0,-0.002467386522966075,-0.002467386522966075
1024,fake_washington,1,6,0.850822308014,0.8508002082,,,2.2099814000031692e-05,,,,,
1025,fake_washington,2,2,0.824964575144,0.8249786058,,0.824964575144,-1.4030656000030284e-05,,0.0,,1.4030656000030284e-05,
1026,fake_washington,2,3,0.824964575144,0.8249786058,0.824988606,0.8249652291351576,-1.4030656000030284e-05,-2.403085600000132e-05,-6.539911575620394e-07,-1.0000199999971038e-05,1.3376664842468244e-05,2.3376864842439282e-05
1027,fake_washington,2,4,0.8427046491428293,0.8427546083425261,0.824988606,0.8495036356681477,-4.995919969685847e-05,0.017716043142829263,-0.006798986525318407,0.01776600234252612,-0.006749027325621548,-0.02451502966814767
1028,fake_washington,2,5,0.8427046491428293,0.8445278998831766,0.824988606,0.849503685051687,-0.001823250740347282,0.017716043142829263,-0.006799035908857776,0.019539293883176545,-0.004975785168510494,-0.02451507905168704
1029,fake_washington,2,6,0.8427046491428293,0.844710509581049,,,-0.0020058604382197087,,,,,
1030,fake_washington,3,2,0.833029336791,0.833020003,,0.83302933634,9.33379099998799e-06,,4.5100001511144683e-10,,-9.333339999972878e-06,
1031,fake_washington,3,3,0.833029336791,0.833020003,0.83302166370006,0.8330300468984976,9.33379099998799e-06,7.6730909399636e-06,-7.101074975812693e-07,-1.6607000600243893e-06,-1.0043898497569259e-05,-8.38319843754487e-06
1032,fake_washington,3,4,0.833029336791,0.833020003,0.83302166370006,0.8515345155852403,9.33379099998799e-06,7.6730909399636e-06,-0.018505178794240296,-1.6607000600243893e-06,-0.018514512585240284,-0.01851285188518026
1033,fake_washington,3,5,0.833029336791,0.8487528073075936,0.83302166370006,0.8515345550667694,-0.01572347051659362,7.6730909399636e-06,-0.018505218275769453,0.015731143607533582,-0.0027817477591758344,-0.018512891366709416
1034,fake_washington,3,6,0.833029336791,0.8488508275734834,,,-0.015821490782483405,,,,,
1035,fake_washington,4,2,0.81649882268,0.8164845016,,0.81649882268,1.4321079999990438e-05,,0.0,,-1.4321079999990438e-05,
1036,fake_washington,4,3,0.81649882268,0.8164845016,0.8164845016,0.816499419476,1.4321079999990438e-05,1.4321079999990438e-05,-5.967960000630157e-07,0.0,-1.4917876000053454e-05,-1.4917876000053454e-05
1037,fake_washington,4,4,0.81649882268,0.8164845016,0.8164845016,0.8465668076306,1.4321079999990438e-05,1.4321079999990438e-05,-0.030067984950600035,0.0,-0.030082306030600026,-0.030082306030600026
1038,fake_washington,4,5,0.81649882268,0.8164845016,0.8164845016,0.84656686432622,1.4321079999990438e-05,1.4321079999990438e-05,-0.030068041646220012,0.0,-0.030082362726220002,-0.030082362726220002
1039,fake_washington,4,6,0.81649882268,0.8164845016,,,1.4321079999990438e-05,,,,,
1040,fake_washington,5,2,0.843953236249,0.8439678423,,0.843953233106,-1.4606051000010112e-05,,3.1429999713949996e-09,,1.4609193999981507e-05,
1041,fake_washington,5,3,0.843953236249,0.8439678423,0.8439678423,0.843953233106,-1.4606051000010112e-05,-1.4606051000010112e-05,3.1429999713949996e-09,0.0,1.4609193999981507e-05,1.4609193999981507e-05
1042,fake_washington,5,4,0.843953236249,0.8439678423,0.8439678423,0.8510998001666441,-1.4606051000010112e-05,-1.4606051000010112e-05,-0.007146563917644122,0.0,-0.007131957866644112,-0.007131957866644112
1043,fake_washington,5,5,0.843953236249,0.8439678423,0.8439678423,0.8510998064955259,-1.4606051000010112e-05,-1.4606051000010112e-05,-0.007146570246525874,0.0,-0.007131964195525864,-0.007131964195525864
1044,fake_washington,5,6,0.843953236249,0.8439678423,,,-1.4606051000010112e-05,,,,,
1045,fake_yorktown,0,2,0.771422472008,0.7714152168,,0.77142346954,7.255207999934399e-06,,-9.975320000021881e-07,,-8.252739999936587e-06,
1046,fake_yorktown,0,3,0.77142446954,0.771422930952168,0.771430645104336,0.77142346954,1.5385878320284263e-06,-6.175564336019512e-06,1.0000000000287557e-06,-7.714152168047939e-06,-5.385878319996706e-07,7.175564336048268e-06
1047,fake_yorktown,0,4,0.825263635289825,0.8252903310777187,0.7714383594107871,0.8267546837880494,-2.6695787893604717e-05,0.05382527587903796,-0.0014910484982243455,0.053851971666931564,-0.0014643527103307408,-0.055316324377262305
1048,fake_yorktown,0,5,0.825263635289825,0.8395585610146921,0.775982392350925,0.8267547459332758,-0.014294925724867014,0.049281242938900016,-0.0014911106434507548,0.06357616866376703,0.012803815081416259,-0.05077235358235077
1049,fake_yorktown,0,6,0.825263635289825,0.8428284737923687,,,-0.017564838502543645,,,,,
1050,fake_yorktown,1,2,0.771422472008,0.7714152168,,0.77142346954,7.255207999934399e-06,,-9.975320000021881e-07,,-8.252739999936587e-06,
1051,fake_yorktown,1,3,0.77142446954,0.7714152168,0.77141747774808,0.77142346954,9.252739999965343e-06,6.991791919985779e-06,1.0000000000287557e-06,-2.2609480799795634e-06,-8.252739999936587e-06,-5.9917919199570235e-06
1052,fake_yorktown,1,4,0.77142446954,0.7714152168,0.77141747774808,0.8267546837880494,9.252739999965343e-06,6.991791919985779e-06,-0.0553302142480494,-2.2609480799795634e-06,-0.05533946698804937,-0.05533720603996939
1053,fake_yorktown,1,5,0.77142446954,0.7714152168,0.77141747774808,0.8267547459332758,9.252739999965343e-06,6.991791919985779e-06,-0.05533027639327581,-2.2609480799795634e-06,-0.05533952913327578,-0.0553372681851958
1054,fake_yorktown,1,6,0.77142446954,0.7714152168,,,9.252739999965343e-06,,,,,
1055,fake_yorktown,2,2,0.64497583458,0.6449512518,,0.64497583458,2.4582779999948734e-05,,0.0,,-2.4582779999948734e-05,
1056,fake_yorktown,2,3,0.7311568444,0.73115260052789,0.6631994404,0.7307915342,4.243872109954694e-06,0.06795740399999994,0.0003653101999999686,0.06795316012788999,0.0003610663278900139,-0.06759209379999997
1057,fake_yorktown,2,4,0.8226983266574518,0.822669927146857,0.73078612276232,0.73079328420325,2.8399510594745436e-05,0.09191220389513177,0.09190504245420184,0.09188380438453703,0.09187664294360709,-7.16144092993698e-06
1058,fake_yorktown,2,5,0.8226983266574518,0.8303094117662,0.7307888149010914,0.7432246228590615,-0.0076110851087481945,0.09190951175636042,0.07947370379839025,0.09952059686510861,0.08708478890713844,-0.012435807957970169
1059,fake_yorktown,2,6,0.8226983266574518,0.840054210520307,,,-0.017355883862855248,,,,,
