backend,embedding,time
ROCHESTER,0,0.9861748218536377
ROCHESTER,1,1.0418999195098877
