backend,embedding,time
ROCHESTER,0,203.56843614578247
ROCHESTER,1,203.9521200656891
