hardware,embedding,horizon,lambda,time
fake_rochester,0,3,0.70321096947150000000000000000000000000000000000000000000000000000000000000000000,3
fake_rochester,1,3,0.70462908473500000000000000000000000000000000000000000000000000000000000000000000,3
fake_rochester,2,3,0.58402793414400000000000000000000000000000000000000000000000000000000000000000000,2
fake_rochester,3,3,0.84535905021750000000000000000000000000000000000000000000000000000000000000000000,3
fake_rochester,4,3,0.56806163268800000000000000000000000000000000000000000000000000000000000000000000,3
