backend,embedding,time
ROCHESTER,0,8.058044910430908
ROCHESTER,1,8.895589113235474
ROCHESTER,2,8.549750089645386
ROCHESTER,3,8.204509258270264
ROCHESTER,4,8.260838985443115
