backend,embedding,time
ROCHESTER,0,17.813578844070435
ROCHESTER,1,17.948657751083374
ROCHESTER,2,18.038784742355347
ROCHESTER,3,17.534423828125
ROCHESTER,4,17.768597841262817
