backend,embedding,time
ROCHESTER,0,0.0932779312133789
ROCHESTER,1,0.0954141616821289
ROCHESTER,2,0.09615588188171387
ROCHESTER,3,0.08954596519470215
ROCHESTER,4,0.0922098159790039
