backend,embedding,time
ROCHESTER,0,0.0034761428833007812
ROCHESTER,1,0.004719734191894531
ROCHESTER,2,0.005259037017822266
ROCHESTER,3,0.0041961669921875
ROCHESTER,4,0.004374027252197266
