backend,embedding,time
ROCHESTER,0,0.08167004585266113
ROCHESTER,1,0.11122298240661621
ROCHESTER,2,0.11846613883972168
ROCHESTER,3,0.09576296806335449
ROCHESTER,4,0.10645699501037598
