backend,embedding,time
MELBOURNE,0,0.37338709831237793
MELBOURNE,1,0.35703301429748535
MELBOURNE,2,0.35883593559265137
MELBOURNE,3,0.35517311096191406
