backend,embedding,time
GUADALUPE,0,1.4015531539916992
GUADALUPE,1,1.4748210906982422
