backend,embedding,time
GUADALUPE,0,12.200080156326294
GUADALUPE,1,12.858985900878906
