backend,embedding,time
GUADALUPE,0,0.6048879623413086
GUADALUPE,1,0.6457581520080566
