hardware,embedding,horizon,lambda,time
fake_melbourne,0,3,0.83481500000000000000000000000000000000000000000000000000000000000000000000000000,1
fake_melbourne,1,3,0.81268250000000000000000000000000000000000000000000000000000000000000000000000000,1
fake_melbourne,2,3,0.72160750000000000000000000000000000000000000000000000000000000000000000000000000,1
fake_melbourne,3,3,0.83234050000000000000000000000000000000000000000000000000000000000000000000000000,1
fake_melbourne,4,3,0.81989500000000000000000000000000000000000000000000000000000000000000000000000000,1
