backend,embedding,time
MELBOURNE,0,0.9562699794769287
MELBOURNE,1,0.971045970916748
MELBOURNE,2,1.0900511741638184
MELBOURNE,3,1.183952808380127
MELBOURNE,4,1.039250135421753
