backend,embedding,time
MELBOURNE,0,0.012199878692626953
MELBOURNE,1,0.01510310173034668
MELBOURNE,2,0.012510061264038086
MELBOURNE,3,0.012583255767822266
MELBOURNE,4,0.012762784957885742
