backend,embedding,time
GUADALUPE,0,1404.833004951477
GUADALUPE,1,1414.2181582450867
GUADALUPE,2,1412.5941665172577
GUADALUPE,3,1419.3764221668243
