backend,embedding,time
GUADALUPE,0,12.361387014389038
GUADALUPE,1,12.308515071868896
GUADALUPE,2,12.493381261825562
GUADALUPE,3,12.528536081314087
