backend,embedding,time
GUADALUPE,0,1713.077141046524
GUADALUPE,1,1681.8844892978668
GUADALUPE,2,1677.857069015503
GUADALUPE,3,1676.7568922042847
