backend,embedding,time
MELBOURNE,0,2.463405132293701
MELBOURNE,1,2.3511760234832764
MELBOURNE,2,2.421426773071289
MELBOURNE,3,2.3715920448303223
