backend,embedding,time
MELBOURNE,0,184.73142409324646
MELBOURNE,1,369.79136395454407
