backend,embedding,time
ROCHESTER,0,10.664127111434937
ROCHESTER,1,11.481606006622314
ROCHESTER,2,12.106475114822388
ROCHESTER,3,9.105767965316772
ROCHESTER,4,10.621678113937378
