backend,embedding,time
ROCHESTER,0,1.4993071556091309
ROCHESTER,1,1.6680188179016113
ROCHESTER,2,1.7865571975708008
ROCHESTER,3,1.1904079914093018
ROCHESTER,4,1.5461890697479248
