backend,embedding,time
ROCHESTER,0,0.8673427104949951
ROCHESTER,1,0.9677090644836426
ROCHESTER,2,1.0363593101501465
ROCHESTER,3,0.6918809413909912
ROCHESTER,4,0.8942630290985107
