backend,embedding,time
GUADALUPE,0,0.19826507568359375
GUADALUPE,1,0.19609403610229492
GUADALUPE,2,0.20278501510620117
GUADALUPE,3,0.2017529010772705
