backend,embedding,time
GUADALUPE,0,10.422629117965698
GUADALUPE,1,10.322161197662354
GUADALUPE,2,10.345125913619995
GUADALUPE,3,10.380340814590454
