backend,embedding,time
GUADALUPE,0,10.706226825714111
GUADALUPE,1,10.71013593673706
GUADALUPE,2,10.799002170562744
GUADALUPE,3,10.729197025299072
