hardware,embedding,horizon,lambda,time
fake_brooklyn,0,0.78625583540400000000000000000000000000000000000000000000000000000000000000000000
fake_brooklyn,1,0.84432995390350000000000000000000000000000000000000000000000000000000000000000000
fake_brooklyn,2,0.80374130799300000000000000000000000000000000000000000000000000000000000000000000
fake_brooklyn,3,0.84412226414150000000000000000000000000000000000000000000000000000000000000000000
fake_manhattan,0,0.81466822233600000000000000000000000000000000000000000000000000000000000000000000
fake_manhattan,1,0.82491137883100000000000000000000000000000000000000000000000000000000000000000000
fake_manhattan,2,0.73061282237050000000000000000000000000000000000000000000000000000000000000000000
fake_manhattan,3,0.56787289715850000000000000000000000000000000000000000000000000000000000000000000
fake_manhattan,4,0.84863923727550000000000000000000000000000000000000000000000000000000000000000000
