backend,embedding,time
BROOKLYN,0,33.93649983406067
BROOKLYN,1,33.30121183395386
BROOKLYN,2,37.159473180770874
BROOKLYN,3,34.50379395484924
MANHATTAN,0,34.03611898422241
MANHATTAN,1,36.340609073638916
MANHATTAN,2,34.19613194465637
MANHATTAN,3,36.97921800613403
MANHATTAN,4,37.22684073448181
