backend,embedding,time
BROOKLYN,0,0.21164417266845703
BROOKLYN,1,0.19287610054016113
BROOKLYN,2,0.20607423782348633
BROOKLYN,3,0.18523526191711426
MANHATTAN,0,0.18464088439941406
MANHATTAN,1,0.2805359363555908
MANHATTAN,2,0.18603205680847168
MANHATTAN,3,0.24525213241577148
MANHATTAN,4,0.24719715118408203
