backend,embedding,time
GUADALUPE,0,0.3778712749481201
GUADALUPE,1,0.3788778781890869
GUADALUPE,2,0.39205193519592285
GUADALUPE,3,0.3978719711303711
