backend,embedding,time
GUADALUPE,0,0.3707592487335205
GUADALUPE,1,0.43608808517456055
