backend,embedding,time
CAMBRIDGE,0,1228.6618254184723
CAMBRIDGE,1,1256.9240050315857
CAMBRIDGE,2,1258.2354171276093
CAMBRIDGE,3,1259.0783095359802
CAMBRIDGE,4,1273.9841079711914
