backend,embedding,time
CAMBRIDGE,0,12.253772258758545
CAMBRIDGE,1,12.414706945419312
CAMBRIDGE,2,11.93713903427124
CAMBRIDGE,3,12.489217042922974
CAMBRIDGE,4,12.553483009338379
