backend,embedding,time
CAMBRIDGE,0,1549.5293023586273
CAMBRIDGE,1,1537.7141256332397
CAMBRIDGE,2,1538.5407552719116
CAMBRIDGE,3,1537.3255693912506
CAMBRIDGE,4,1489.6094689369202
