backend,embedding,time
BROOKLYN,0,2260.5089066028595
BROOKLYN,1,2254.980069875717
BROOKLYN,2,2229.766202688217
BROOKLYN,3,2225.356569290161
BROOKLYN,4,2225.139237880707
BROOKLYN,5,2226.9045794010162
MANHATTAN,0,2186.5266122817993
MANHATTAN,1,2189.145191669464
MANHATTAN,2,2213.9985897541046
MANHATTAN,3,2172.1868286132812
MANHATTAN,4,2085.2085433006287
MANHATTAN,5,2089.654166698456
MANHATTAN,6,2164.162296295166
