backend,embedding,time
BROOKLYN,0,13.478991031646729
BROOKLYN,1,12.661720991134644
BROOKLYN,2,13.30814790725708
BROOKLYN,3,13.513207912445068
BROOKLYN,4,13.01466417312622
BROOKLYN,5,13.247321128845215
MANHATTAN,0,12.167240858078003
MANHATTAN,1,13.712568759918213
MANHATTAN,2,14.054954051971436
MANHATTAN,3,12.84224796295166
MANHATTAN,4,14.352149963378906
MANHATTAN,5,13.879192113876343
MANHATTAN,6,14.707605123519897
