backend,embedding,time
MELBOURNE,0,0.0006449222564697266
MELBOURNE,1,0.0006771087646484375
MELBOURNE,2,0.0006818771362304688
MELBOURNE,3,0.0006682872772216797
