backend,embedding,time
MELBOURNE,0,0.0010502338409423828
MELBOURNE,1,0.0011849403381347656
MELBOURNE,2,0.0011546611785888672
MELBOURNE,3,0.0012390613555908203
