backend,embedding,time
MELBOURNE,0,0.6530778408050537
MELBOURNE,1,0.5985031127929688
MELBOURNE,2,0.6075119972229004
MELBOURNE,3,0.6491198539733887
