backend,embedding,time
MELBOURNE,0,5.982162714004517
MELBOURNE,1,5.784981966018677
MELBOURNE,2,5.78181791305542
MELBOURNE,3,5.780206680297852
