backend,embedding,time
WASHINGTON,0,22.31183099746704
WASHINGTON,1,12.768682956695557
WASHINGTON,2,34.44561219215393
